corpus,document,doc_type,tier,field,field_type,predicted_value,truth_value,grounding_score,extraction_score,correct,min_score
generated,id_card_01,id_card,t0,full_name,text,ROWAN ELISE MARCHETTI,ROWAN ELISE MARCHETTI,0.995,0.995,True,0.995
generated,id_card_01,id_card,t0,document_number,id,T6245512,T6245512,0.995,0.995,True,0.995
generated,id_card_01,id_card,t0,date_of_birth,date,1969-07-09,1969-07-09,0.97,0.985,True,0.97
generated,id_card_01,id_card,t0,nationality,text,Maltese,Maltese,0.995,0.995,True,0.995
generated,id_card_01,id_card,t0,sex,code,F,F,0.995,0.995,True,0.995
generated,id_card_01,id_card,t0,place_of_birth,text,"Valletta, Malta","Valletta, Malta",0.995,0.995,True,0.995
generated,id_card_01,id_card,t0,issue_date,date,2024-05-18,2024-05-18,0.97,0.985,True,0.97
generated,id_card_01,id_card,t0,expiry_date,date,,2034-05-18,0.0,0.995,False,0.0
generated,id_card_01,id_card,t0,issuing_authority,text,MINISTRY OF THE INTERIOR,Ministry of the Interior,0.995,0.995,True,0.995
generated,id_card_01,id_card,t1,full_name,text,ROWAN ELISE MARCHETTI,ROWAN ELISE MARCHETTI,0.99,0.99,True,0.99
generated,id_card_01,id_card,t1,document_number,id,T6245512,T6245512,0.99,0.99,True,0.99
generated,id_card_01,id_card,t1,date_of_birth,date,1969-07-09,1969-07-09,0.98,0.98,True,0.98
generated,id_card_01,id_card,t1,nationality,text,Maltese,Maltese,0.99,0.99,True,0.99
generated,id_card_01,id_card,t1,sex,code,F,F,0.99,0.99,True,0.99
generated,id_card_01,id_card,t1,place_of_birth,text,"Valletta, Malta","Valletta, Malta",0.98,0.98,True,0.98
generated,id_card_01,id_card,t1,issue_date,date,2024-05-18,2024-05-18,0.98,0.98,True,0.98
generated,id_card_01,id_card,t1,expiry_date,date,2034-05-18,2034-05-18,0.05,0.08,True,0.05
generated,id_card_01,id_card,t1,issuing_authority,text,MINISTRY OF THE INTERIOR,Ministry of the Interior,0.99,0.98,True,0.98
generated,id_card_01,id_card,t2,full_name,text,ROWAN ELISE MARCHETTI,ROWAN ELISE MARCHETTI,0.82,0.86,True,0.82
generated,id_card_01,id_card,t2,document_number,id,T6245512,T6245512,0.76,0.8,True,0.76
generated,id_card_01,id_card,t2,date_of_birth,date,1969-07-09,1969-07-09,0.73,0.78,True,0.73
generated,id_card_01,id_card,t2,nationality,text,Maltese,Maltese,0.72,0.84,True,0.72
generated,id_card_01,id_card,t2,sex,code,F,F,0.71,0.9,True,0.71
generated,id_card_01,id_card,t2,place_of_birth,text,"Valletta, Malta","Valletta, Malta",0.74,0.86,True,0.74
generated,id_card_01,id_card,t2,issue_date,date,2024-05-18,2024-05-18,0.75,0.8,True,0.75
generated,id_card_01,id_card,t2,expiry_date,date,,2034-05-18,0.0,0.0,False,0.0
generated,id_card_01,id_card,t2,issuing_authority,text,MINISTRY OF THE INTERIOR,Ministry of the Interior,0.93,0.82,True,0.82
generated,id_card_01,id_card,t3,full_name,text,ROWAN ELISE MARCHETTI,ROWAN ELISE MARCHETTI,0.83,0.86,True,0.83
generated,id_card_01,id_card,t3,document_number,id,T6245512,T6245512,0.78,0.8,True,0.78
generated,id_card_01,id_card,t3,date_of_birth,date,1969-07-09,1969-07-09,0.74,0.78,True,0.74
generated,id_card_01,id_card,t3,nationality,text,Maltese,Maltese,0.82,0.9,True,0.82
generated,id_card_01,id_card,t3,sex,code,F,F,0.72,0.84,True,0.72
generated,id_card_01,id_card,t3,place_of_birth,text,"Valletta, Malta","Valletta, Malta",0.8,0.88,True,0.8
generated,id_card_01,id_card,t3,issue_date,date,2024-05-16,2024-05-18,0.76,0.8,False,0.76
generated,id_card_01,id_card,t3,expiry_date,date,,2034-05-18,0.0,0.0,False,0.0
generated,id_card_01,id_card,t3,issuing_authority,text,MINISTRY OF THE INTERIOR,Ministry of the Interior,0.18,0.22,True,0.18
generated,id_card_02,id_card,t0,full_name,text,DEVRAJ SINGH KHURANA,DEVRAJ SINGH KHURANA,0.998,0.998,True,0.998
generated,id_card_02,id_card,t0,document_number,id,T3872757,T3872757,0.998,0.998,True,0.998
generated,id_card_02,id_card,t0,date_of_birth,date,1993-11-18,1993-11-18,0.96,0.97,True,0.96
generated,id_card_02,id_card,t0,nationality,text,Indian,Indian,0.998,0.998,True,0.998
generated,id_card_02,id_card,t0,sex,code,M,M,0.998,0.998,True,0.998
generated,id_card_02,id_card,t0,place_of_birth,text,"Jalandhar, India","Jalandhar, India",0.998,0.998,True,0.998
generated,id_card_02,id_card,t0,issue_date,date,2024-11-18,2024-11-18,0.96,0.97,True,0.96
generated,id_card_02,id_card,t0,expiry_date,date,,2034-11-18,0.0,0.99,False,0.0
generated,id_card_02,id_card,t0,issuing_authority,text,NATIONAL REGISTRY OFFICE,National Registry Office,0.998,0.998,True,0.998
generated,id_card_02,id_card,t1,full_name,text,DEVRAJ SINGH KHURANA,DEVRAJ SINGH KHURANA,0.997,0.997,True,0.997
generated,id_card_02,id_card,t1,document_number,id,T3872757,T3872757,0.997,0.997,True,0.997
generated,id_card_02,id_card,t1,date_of_birth,date,1993-11-18,1993-11-18,0.996,0.996,True,0.996
generated,id_card_02,id_card,t1,nationality,text,Indian,Indian,0.997,0.997,True,0.997
generated,id_card_02,id_card,t1,sex,code,M,M,0.996,0.996,True,0.996
generated,id_card_02,id_card,t1,place_of_birth,text,"Jalandhar, India","Jalandhar, India",0.996,0.996,True,0.996
generated,id_card_02,id_card,t1,issue_date,date,2024-11-18,2024-11-18,0.996,0.996,True,0.996
generated,id_card_02,id_card,t1,expiry_date,date,,2034-11-18,0.0,0.0,False,0.0
generated,id_card_02,id_card,t1,issuing_authority,text,NATIONAL REGISTRY OFFICE,National Registry Office,0.996,0.995,True,0.995
generated,id_card_02,id_card,t2,full_name,text,DEVRAJ SINGH KHURANA,DEVRAJ SINGH KHURANA,0.88,0.9,True,0.88
generated,id_card_02,id_card,t2,document_number,id,T3872757,T3872757,0.84,0.86,True,0.84
generated,id_card_02,id_card,t2,date_of_birth,date,1993-11-18,1993-11-18,0.82,0.9,True,0.82
generated,id_card_02,id_card,t2,nationality,text,Indian,Indian,0.55,0.62,True,0.55
generated,id_card_02,id_card,t2,sex,code,M,M,0.78,0.9,True,0.78
generated,id_card_02,id_card,t2,place_of_birth,text,"Jalandhar, India","Jalandhar, India",0.72,0.8,True,0.72
generated,id_card_02,id_card,t2,issue_date,date,,2024-11-18,0.0,0.0,False,0.0
generated,id_card_02,id_card,t2,expiry_date,date,2024-11-18,2034-11-18,0.86,0.9,False,0.86
generated,id_card_02,id_card,t2,issuing_authority,text,NATIONAL REGISTRY OFFICE,National Registry Office,0.93,0.95,True,0.93
generated,id_card_02,id_card,t3,full_name,text,DEVRAJ SINGH KHURANA,DEVRAJ SINGH KHURANA,0.78,0.82,True,0.78
generated,id_card_02,id_card,t3,document_number,id,T3672757,T3872757,0.72,0.76,False,0.72
generated,id_card_02,id_card,t3,date_of_birth,date,1993-11-18,1993-11-18,0.74,0.86,True,0.74
generated,id_card_02,id_card,t3,nationality,text,Indian,Indian,0.88,0.93,True,0.88
generated,id_card_02,id_card,t3,sex,code,M,M,0.83,0.9,True,0.83
generated,id_card_02,id_card,t3,place_of_birth,text,"Jalandhar, India","Jalandhar, India",0.8,0.88,True,0.8
generated,id_card_02,id_card,t3,issue_date,date,,2024-11-18,0.0,0.0,False,0.0
generated,id_card_02,id_card,t3,expiry_date,date,2024-11-18,2034-11-18,0.73,0.86,False,0.73
generated,id_card_02,id_card,t3,issuing_authority,text,NATIONAL REGISTRY OFFICE,National Registry Office,0.58,0.62,True,0.58
generated,id_card_03,id_card,t0,full_name,text,INGRID SOLVEIG HALVORSEN,INGRID SOLVEIG HALVORSEN,0.998,0.998,True,0.998
generated,id_card_03,id_card,t0,document_number,id,X5518944,X5518944,0.998,0.998,True,0.998
generated,id_card_03,id_card,t0,date_of_birth,date,1987-12-28,1987-12-28,0.97,0.996,True,0.97
generated,id_card_03,id_card,t0,nationality,text,Norwegian,Norwegian,0.998,0.998,True,0.998
generated,id_card_03,id_card,t0,sex,code,F,F,0.998,0.998,True,0.998
generated,id_card_03,id_card,t0,place_of_birth,text,"Bergen, Norway","Bergen, Norway",0.998,0.998,True,0.998
generated,id_card_03,id_card,t0,issue_date,date,2024-12-09,2024-12-09,0.97,0.996,True,0.97
generated,id_card_03,id_card,t0,expiry_date,date,,2034-12-09,0.0,0.0,False,0.0
generated,id_card_03,id_card,t0,issuing_authority,text,MINISTRY OF THE INTERIOR,Ministry of the Interior,0.998,0.995,True,0.995
generated,id_card_03,id_card,t1,full_name,text,INGRID SOLVEIG HALVORSEN,INGRID SOLVEIG HALVORSEN,0.998,0.998,True,0.998
generated,id_card_03,id_card,t1,document_number,id,X5518944,X5518944,0.998,0.998,True,0.998
generated,id_card_03,id_card,t1,date_of_birth,date,1987-12-28,1987-12-28,0.998,0.996,True,0.996
generated,id_card_03,id_card,t1,nationality,text,Norwegian,Norwegian,0.997,0.997,True,0.997
generated,id_card_03,id_card,t1,sex,code,F,F,0.998,0.998,True,0.998
generated,id_card_03,id_card,t1,place_of_birth,text,"Bergen, Norway","Bergen, Norway",0.997,0.997,True,0.997
generated,id_card_03,id_card,t1,issue_date,date,2024-12-09,2024-12-09,0.998,0.996,True,0.996
generated,id_card_03,id_card,t1,expiry_date,date,,2034-12-09,0.0,0.0,False,0.0
generated,id_card_03,id_card,t1,issuing_authority,text,MINISTRY OF THE INTERIOR,Ministry of the Interior,0.998,0.997,True,0.997
generated,id_card_03,id_card,t2,full_name,text,INGRID SOLVEIG HALVORSEN,INGRID SOLVEIG HALVORSEN,0.93,0.94,True,0.93
generated,id_card_03,id_card,t2,document_number,id,X5518944,X5518944,0.78,0.76,True,0.76
generated,id_card_03,id_card,t2,date_of_birth,date,1987-12-28,1987-12-28,0.74,0.78,True,0.74
generated,id_card_03,id_card,t2,nationality,text,Norwegian,Norwegian,0.89,0.9,True,0.89
generated,id_card_03,id_card,t2,sex,code,F,F,0.72,0.84,True,0.72
generated,id_card_03,id_card,t2,place_of_birth,text,"Bergen, Norway","Bergen, Norway",0.79,0.83,True,0.79
generated,id_card_03,id_card,t2,issue_date,date,2024-12-09,2024-12-09,0.68,0.62,True,0.62
generated,id_card_03,id_card,t2,expiry_date,date,,2034-12-09,0.0,0.0,False,0.0
generated,id_card_03,id_card,t2,issuing_authority,text,MINISTRY OF THE INTERIOR,Ministry of the Interior,0.96,0.96,True,0.96
generated,id_card_03,id_card,t3,full_name,text,INGRID SOLVEIG HALVORSEN,INGRID SOLVEIG HALVORSEN,0.78,0.82,True,0.78
generated,id_card_03,id_card,t3,document_number,id,X551B944,X5518944,0.58,0.52,False,0.52
generated,id_card_03,id_card,t3,date_of_birth,date,1987-12-28,1987-12-28,0.74,0.86,True,0.74
generated,id_card_03,id_card,t3,nationality,text,Norwegian,Norwegian,0.76,0.84,True,0.76
generated,id_card_03,id_card,t3,sex,code,F,F,0.43,0.55,True,0.43
generated,id_card_03,id_card,t3,place_of_birth,text,"Bergen, Norway","Bergen, Norway",0.72,0.83,True,0.72
generated,id_card_03,id_card,t3,issue_date,date,,2024-12-09,0.0,0.0,False,0.0
generated,id_card_03,id_card,t3,expiry_date,date,2024-12-09,2034-12-09,0.73,0.84,False,0.73
generated,id_card_03,id_card,t3,issuing_authority,text,MINISTRY OF THE INTERIOR,Ministry of the Interior,0.18,0.16,True,0.16
generated,invoice_01,invoice,t0,invoice_number,id,INV-2026-1489,INV-2026-1489,0.998,0.998,True,0.998
generated,invoice_01,invoice,t0,invoice_date,date,2026-07-07,2026-07-07,0.965,0.992,True,0.965
generated,invoice_01,invoice,t0,due_date,date,2026-07-21,2026-07-21,0.965,0.992,True,0.965
generated,invoice_01,invoice,t0,vendor_name,text,Brightline Logistics Ltd,Brightline Logistics Ltd,0.998,0.998,True,0.998
generated,invoice_01,invoice,t0,vendor_tax_id,id,GB 742 118 593,GB 742 118 593,0.982,0.996,True,0.982
generated,invoice_01,invoice,t0,bill_to_name,text,Northwind Capital LLC,Northwind Capital LLC,0.998,0.998,True,0.998
generated,invoice_01,invoice,t0,currency,code,USD,USD,0.998,0.998,True,0.998
generated,invoice_01,invoice,t0,subtotal,money,36841.78,36841.78,0.988,0.996,True,0.988
generated,invoice_01,invoice,t0,tax_rate,number,20,20,0.982,0.995,True,0.982
generated,invoice_01,invoice,t0,tax_amount,money,7368.36,7368.36,0.988,0.996,True,0.988
generated,invoice_01,invoice,t0,total_due,money,44210.14,44210.14,0.988,0.996,True,0.988
generated,invoice_01,invoice,t0,line_items[].description,text,"Emergency callout, engineer attendance","Emergency callout, engineer attendance",0.996,0.996,True,0.996
generated,invoice_01,invoice,t0,line_items[].quantity,number,3,3,0.996,0.996,True,0.996
generated,invoice_01,invoice,t0,line_items[].unit_price,money,467.14,467.14,0.982,0.996,True,0.982
generated,invoice_01,invoice,t0,line_items[].amount,money,1401.42,1401.42,0.982,0.996,True,0.982
generated,invoice_01,invoice,t0,line_items[].description,text,"Annual maintenance contract, tier B","Annual maintenance contract, tier B",0.996,0.996,True,0.996
generated,invoice_01,invoice,t0,line_items[].quantity,number,18,18,0.996,0.996,True,0.996
generated,invoice_01,invoice,t0,line_items[].unit_price,money,656.24,656.24,0.982,0.996,True,0.982
generated,invoice_01,invoice,t0,line_items[].amount,money,11812.32,11812.32,0.982,0.996,True,0.982
generated,invoice_01,invoice,t0,line_items[].description,text,"Pallet handling and storage, 30 days","Pallet handling and storage, 30 days",0.996,0.996,True,0.996
generated,invoice_01,invoice,t0,line_items[].quantity,number,2,2,0.996,0.996,True,0.996
generated,invoice_01,invoice,t0,line_items[].unit_price,money,624.74,624.74,0.982,0.996,True,0.982
generated,invoice_01,invoice,t0,line_items[].amount,money,1249.48,1249.48,0.982,0.996,True,0.982
generated,invoice_01,invoice,t0,line_items[].description,text,"Site cleaning, out of hours","Site cleaning, out of hours",0.996,0.996,True,0.996
generated,invoice_01,invoice,t0,line_items[].quantity,number,3,3,0.996,0.996,True,0.996
generated,invoice_01,invoice,t0,line_items[].unit_price,money,325.15,325.15,0.982,0.996,True,0.982
generated,invoice_01,invoice,t0,line_items[].amount,money,975.45,975.45,0.982,0.996,True,0.982
generated,invoice_01,invoice,t0,line_items[].description,text,Digital proofing and colour matching,Digital proofing and colour matching,0.996,0.996,True,0.996
generated,invoice_01,invoice,t0,line_items[].quantity,number,23,23,0.996,0.996,True,0.996
generated,invoice_01,invoice,t0,line_items[].unit_price,money,930.57,930.57,0.982,0.996,True,0.982
generated,invoice_01,invoice,t0,line_items[].amount,money,21403.11,21403.11,0.982,0.996,True,0.982
generated,invoice_01,invoice,t1,invoice_number,id,INV-2026-1489,INV-2026-1489,0.998,0.998,True,0.998
generated,invoice_01,invoice,t1,invoice_date,date,2026-07-07,2026-07-07,0.965,0.995,True,0.965
generated,invoice_01,invoice,t1,due_date,date,2026-07-21,2026-07-21,0.965,0.995,True,0.965
generated,invoice_01,invoice,t1,vendor_name,text,Brightline Logistics Ltd,Brightline Logistics Ltd,0.998,0.998,True,0.998
generated,invoice_01,invoice,t1,vendor_tax_id,id,GB 742 118 593,GB 742 118 593,0.965,0.99,True,0.965
generated,invoice_01,invoice,t1,bill_to_name,text,Northwind Capital LLC,Northwind Capital LLC,0.998,0.998,True,0.998
generated,invoice_01,invoice,t1,currency,code,USD,USD,0.998,0.998,True,0.998
generated,invoice_01,invoice,t1,subtotal,money,36841.78,36841.78,0.965,0.995,True,0.965
generated,invoice_01,invoice,t1,tax_rate,number,20,20,0.965,0.995,True,0.965
generated,invoice_01,invoice,t1,tax_amount,money,7368.36,7368.36,0.965,0.995,True,0.965
generated,invoice_01,invoice,t1,total_due,money,44210.14,44210.14,0.965,0.995,True,0.965
generated,invoice_01,invoice,t1,line_items[].description,text,"Emergency callout, engineer attendance","Emergency callout, engineer attendance",0.998,0.998,True,0.998
generated,invoice_01,invoice,t1,line_items[].quantity,number,3,3,0.998,0.998,True,0.998
generated,invoice_01,invoice,t1,line_items[].unit_price,money,467.14,467.14,0.965,0.995,True,0.965
generated,invoice_01,invoice,t1,line_items[].amount,money,1401.42,1401.42,0.965,0.995,True,0.965
generated,invoice_01,invoice,t1,line_items[].description,text,"Annual maintenance contract, tier B","Annual maintenance contract, tier B",0.998,0.998,True,0.998
generated,invoice_01,invoice,t1,line_items[].quantity,number,18,18,0.998,0.998,True,0.998
generated,invoice_01,invoice,t1,line_items[].unit_price,money,656.24,656.24,0.965,0.995,True,0.965
generated,invoice_01,invoice,t1,line_items[].amount,money,11812.32,11812.32,0.965,0.995,True,0.965
generated,invoice_01,invoice,t1,line_items[].description,text,"Pallet handling and storage, 30 days","Pallet handling and storage, 30 days",0.998,0.998,True,0.998
generated,invoice_01,invoice,t1,line_items[].quantity,number,2,2,0.998,0.998,True,0.998
generated,invoice_01,invoice,t1,line_items[].unit_price,money,624.74,624.74,0.965,0.995,True,0.965
generated,invoice_01,invoice,t1,line_items[].amount,money,1249.48,1249.48,0.965,0.995,True,0.965
generated,invoice_01,invoice,t1,line_items[].description,text,"Site cleaning, out of hours","Site cleaning, out of hours",0.998,0.998,True,0.998
generated,invoice_01,invoice,t1,line_items[].quantity,number,3,3,0.998,0.998,True,0.998
generated,invoice_01,invoice,t1,line_items[].unit_price,money,325.15,325.15,0.965,0.995,True,0.965
generated,invoice_01,invoice,t1,line_items[].amount,money,975.45,975.45,0.965,0.995,True,0.965
generated,invoice_01,invoice,t1,line_items[].description,text,Digital proofing and colour matching,Digital proofing and colour matching,0.998,0.998,True,0.998
generated,invoice_01,invoice,t1,line_items[].quantity,number,23,23,0.998,0.998,True,0.998
generated,invoice_01,invoice,t1,line_items[].unit_price,money,930.57,930.57,0.965,0.995,True,0.965
generated,invoice_01,invoice,t1,line_items[].amount,money,21403.11,21403.11,0.965,0.995,True,0.965
generated,invoice_01,invoice,t2,invoice_number,id,INV-2026-1489,INV-2026-1489,0.42,0.42,True,0.42
generated,invoice_01,invoice,t2,invoice_date,date,2026-07-07,2026-07-07,0.78,0.92,True,0.78
generated,invoice_01,invoice,t2,due_date,date,2026-07-21,2026-07-21,0.76,0.9,True,0.76
generated,invoice_01,invoice,t2,vendor_name,text,Brightline Logistics Ltd,Brightline Logistics Ltd,0.82,0.94,True,0.82
generated,invoice_01,invoice,t2,vendor_tax_id,id,GB 742 118 593,GB 742 118 593,0.38,0.38,True,0.38
generated,invoice_01,invoice,t2,bill_to_name,text,Northwind Capital LLC,Northwind Capital LLC,0.84,0.95,True,0.84
generated,invoice_01,invoice,t2,currency,code,USD,USD,0.8,0.93,True,0.8
generated,invoice_01,invoice,t2,subtotal,money,36841.78,36841.78,0.58,0.74,True,0.58
generated,invoice_01,invoice,t2,tax_rate,number,20,20,0.8,0.94,True,0.8
generated,invoice_01,invoice,t2,tax_amount,money,7368.36,7368.36,0.56,0.72,True,0.56
generated,invoice_01,invoice,t2,total_due,money,44210.14,44210.14,0.6,0.78,True,0.6
generated,invoice_01,invoice,t2,line_items[].description,text,"Emergency callout, engineer attendance","Emergency callout, engineer attendance",0.86,0.95,True,0.86
generated,invoice_01,invoice,t2,line_items[].quantity,number,3,3,0.76,0.9,True,0.76
generated,invoice_01,invoice,t2,line_items[].unit_price,money,467.14,467.14,0.48,0.7,True,0.48
generated,invoice_01,invoice,t2,line_items[].amount,money,1401.42,1401.42,0.5,0.74,True,0.5
generated,invoice_01,invoice,t2,line_items[].description,text,"Annual maintenance contract, tier B","Annual maintenance contract, tier B",0.84,0.95,True,0.84
generated,invoice_01,invoice,t2,line_items[].quantity,number,18,18,0.78,0.92,True,0.78
generated,invoice_01,invoice,t2,line_items[].unit_price,money,656.24,656.24,0.46,0.68,True,0.46
generated,invoice_01,invoice,t2,line_items[].amount,money,11812.32,11812.32,0.5,0.74,True,0.5
generated,invoice_01,invoice,t2,line_items[].description,text,"Pallet handling and storage, 30 days","Pallet handling and storage, 30 days",0.83,0.94,True,0.83
generated,invoice_01,invoice,t2,line_items[].quantity,number,2,2,0.72,0.88,True,0.72
generated,invoice_01,invoice,t2,line_items[].unit_price,money,624.74,624.74,0.44,0.66,True,0.44
generated,invoice_01,invoice,t2,line_items[].amount,money,1249.48,1249.48,0.46,0.7,True,0.46
generated,invoice_01,invoice,t2,line_items[].description,text,"Site cleaning, out of hours","Site cleaning, out of hours",0.82,0.93,True,0.82
generated,invoice_01,invoice,t2,line_items[].quantity,number,3,3,0.72,0.88,True,0.72
generated,invoice_01,invoice,t2,line_items[].unit_price,money,325.15,325.15,0.42,0.64,True,0.42
generated,invoice_01,invoice,t2,line_items[].amount,money,975.45,975.45,0.44,0.68,True,0.44
generated,invoice_01,invoice,t2,line_items[].description,text,Digital proofing and colour matching,Digital proofing and colour matching,0.84,0.95,True,0.84
generated,invoice_01,invoice,t2,line_items[].quantity,number,23,23,0.76,0.9,True,0.76
generated,invoice_01,invoice,t2,line_items[].unit_price,money,930.57,930.57,0.44,0.66,True,0.44
generated,invoice_01,invoice,t2,line_items[].amount,money,21403.11,21403.11,0.5,0.74,True,0.5
generated,invoice_01,invoice,t3,invoice_number,id,INV-2026-1489,INV-2026-1489,0.12,0.18,True,0.12
generated,invoice_01,invoice,t3,invoice_date,date,2026-07-01,2026-07-07,0.58,0.7,False,0.58
generated,invoice_01,invoice,t3,due_date,date,2026-07-31,2026-07-21,0.54,0.68,False,0.54
generated,invoice_01,invoice,t3,vendor_name,text,Brightline Logistics Ltd,Brightline Logistics Ltd,0.7,0.78,True,0.7
generated,invoice_01,invoice,t3,vendor_tax_id,id,GB 742 119 543,GB 742 118 593,0.18,0.2,False,0.18
generated,invoice_01,invoice,t3,bill_to_name,text,Northwind Capital LLC,Northwind Capital LLC,0.74,0.82,True,0.74
generated,invoice_01,invoice,t3,currency,code,USD,USD,0.35,0.48,True,0.35
generated,invoice_01,invoice,t3,subtotal,money,36841.78,36841.78,0.52,0.62,True,0.52
generated,invoice_01,invoice,t3,tax_rate,number,20,20,0.6,0.76,True,0.6
generated,invoice_01,invoice,t3,tax_amount,money,7368.36,7368.36,0.5,0.6,True,0.5
generated,invoice_01,invoice,t3,total_due,money,44210.14,44210.14,0.56,0.66,True,0.56
generated,invoice_01,invoice,t3,line_items[].description,text,"Emergency callout, engineer attendance","Emergency callout, engineer attendance",0.72,0.8,True,0.72
generated,invoice_01,invoice,t3,line_items[].quantity,number,5,3,0.62,0.74,False,0.62
generated,invoice_01,invoice,t3,line_items[].unit_price,money,280.28,467.14,0.16,0.22,False,0.16
generated,invoice_01,invoice,t3,line_items[].amount,money,1401.40,1401.42,0.42,0.52,False,0.42
generated,invoice_01,invoice,t3,line_items[].description,text,"Annual maintenance contract, tier B","Annual maintenance contract, tier B",0.7,0.78,True,0.7
generated,invoice_01,invoice,t3,line_items[].quantity,number,15,18,0.58,0.7,False,0.58
generated,invoice_01,invoice,t3,line_items[].unit_price,money,787.50,656.24,0.14,0.2,False,0.14
generated,invoice_01,invoice,t3,line_items[].amount,money,11812.50,11812.32,0.38,0.48,False,0.38
generated,invoice_01,invoice,t3,line_items[].description,text,"Pallet handling and storage, 30 days","Pallet handling and storage, 30 days",0.68,0.76,True,0.68
generated,invoice_01,invoice,t3,line_items[].quantity,number,2,2,0.6,0.72,True,0.6
generated,invoice_01,invoice,t3,line_items[].unit_price,money,624.24,624.74,0.12,0.18,False,0.12
generated,invoice_01,invoice,t3,line_items[].amount,money,1248.48,1249.48,0.3,0.4,False,0.3
generated,invoice_01,invoice,t3,line_items[].description,text,"Site cleaning, out of hours","Site cleaning, out of hours",0.66,0.74,True,0.66
generated,invoice_01,invoice,t3,line_items[].quantity,number,4,3,0.58,0.7,False,0.58
generated,invoice_01,invoice,t3,line_items[].unit_price,money,243.86,325.15,0.12,0.18,False,0.12
generated,invoice_01,invoice,t3,line_items[].amount,money,975.46,975.45,0.34,0.44,False,0.34
generated,invoice_01,invoice,t3,line_items[].description,text,Digital proofing and colour matching,Digital proofing and colour matching,0.68,0.76,True,0.68
generated,invoice_01,invoice,t3,line_items[].quantity,number,23,23,0.6,0.72,True,0.6
generated,invoice_01,invoice,t3,line_items[].unit_price,money,930.57,930.57,0.12,0.18,True,0.12
generated,invoice_01,invoice,t3,line_items[].amount,money,21403.11,21403.11,0.28,0.38,True,0.28
generated,invoice_02,invoice,t0,invoice_number,id,INV-2026-8771,INV-2026-8771,0.998,0.998,True,0.998
generated,invoice_02,invoice,t0,invoice_date,date,2026-08-17,2026-08-17,0.96,0.995,True,0.96
generated,invoice_02,invoice,t0,due_date,date,2026-08-31,2026-08-31,0.96,0.995,True,0.96
generated,invoice_02,invoice,t0,vendor_name,text,Meridian Print Services,Meridian Print Services,0.998,0.998,True,0.998
generated,invoice_02,invoice,t0,vendor_tax_id,id,US 84-2917553,US 84-2917553,0.97,0.998,True,0.97
generated,invoice_02,invoice,t0,bill_to_name,text,Aldergate Pharma Inc,Aldergate Pharma Inc,0.998,0.998,True,0.998
generated,invoice_02,invoice,t0,currency,code,USD,USD,0.998,0.998,True,0.998
generated,invoice_02,invoice,t0,subtotal,money,16617.01,16617.01,0.97,0.998,True,0.97
generated,invoice_02,invoice,t0,tax_rate,number,7.5,7.5,0.97,0.998,True,0.97
generated,invoice_02,invoice,t0,tax_amount,money,1246.28,1246.28,0.97,0.998,True,0.97
generated,invoice_02,invoice,t0,total_due,money,17863.29,17863.29,0.97,0.998,True,0.97
generated,invoice_02,invoice,t0,line_items[].description,text,"Pallet handling and storage, 30 days","Pallet handling and storage, 30 days",0.998,0.998,True,0.998
generated,invoice_02,invoice,t0,line_items[].quantity,number,19,19,0.998,0.998,True,0.998
generated,invoice_02,invoice,t0,line_items[].unit_price,money,115.95,115.95,0.97,0.998,True,0.97
generated,invoice_02,invoice,t0,line_items[].amount,money,2203.05,2203.05,0.97,0.998,True,0.97
generated,invoice_02,invoice,t0,line_items[].description,text,Customs documentation processing,Customs documentation processing,0.998,0.998,True,0.998
generated,invoice_02,invoice,t0,line_items[].quantity,number,8,8,0.998,0.998,True,0.998
generated,invoice_02,invoice,t0,line_items[].unit_price,money,322.33,322.33,0.97,0.998,True,0.97
generated,invoice_02,invoice,t0,line_items[].amount,money,2578.64,2578.64,0.97,0.998,True,0.97
generated,invoice_02,invoice,t0,line_items[].description,text,Temperature-controlled container hire,Temperature-controlled container hire,0.998,0.998,True,0.998
generated,invoice_02,invoice,t0,line_items[].quantity,number,24,24,0.998,0.998,True,0.998
generated,invoice_02,invoice,t0,line_items[].unit_price,money,311.83,311.83,0.97,0.998,True,0.97
generated,invoice_02,invoice,t0,line_items[].amount,money,7483.92,7483.92,0.97,0.998,True,0.97
generated,invoice_02,invoice,t0,line_items[].description,text,"Emergency callout, engineer attendance","Emergency callout, engineer attendance",0.998,0.998,True,0.998
generated,invoice_02,invoice,t0,line_items[].quantity,number,5,5,0.998,0.998,True,0.998
generated,invoice_02,invoice,t0,line_items[].unit_price,money,870.28,870.28,0.97,0.998,True,0.97
generated,invoice_02,invoice,t0,line_items[].amount,money,4351.40,4351.40,0.97,0.998,True,0.97
generated,invoice_02,invoice,t1,invoice_number,id,INV-2026-8771,INV-2026-8771,0.998,0.998,True,0.998
generated,invoice_02,invoice,t1,invoice_date,date,2026-08-17,2026-08-17,0.96,0.995,True,0.96
generated,invoice_02,invoice,t1,due_date,date,2026-08-31,2026-08-31,0.96,0.995,True,0.96
generated,invoice_02,invoice,t1,vendor_name,text,Meridian Print Services,Meridian Print Services,0.998,0.998,True,0.998
generated,invoice_02,invoice,t1,vendor_tax_id,id,US 84-2917553,US 84-2917553,0.97,0.995,True,0.97
generated,invoice_02,invoice,t1,bill_to_name,text,Aldergate Pharma Inc,Aldergate Pharma Inc,0.998,0.998,True,0.998
generated,invoice_02,invoice,t1,currency,code,USD,USD,0.998,0.998,True,0.998
generated,invoice_02,invoice,t1,subtotal,money,16617.01,16617.01,0.97,0.998,True,0.97
generated,invoice_02,invoice,t1,tax_rate,number,7.5,7.5,0.95,0.995,True,0.95
generated,invoice_02,invoice,t1,tax_amount,money,1246.28,1246.28,0.97,0.998,True,0.97
generated,invoice_02,invoice,t1,total_due,money,17863.29,17863.29,0.97,0.998,True,0.97
generated,invoice_02,invoice,t1,line_items[].description,text,"Pallet handling and storage, 30 days","Pallet handling and storage, 30 days",0.998,0.998,True,0.998
generated,invoice_02,invoice,t1,line_items[].quantity,number,19,19,0.998,0.998,True,0.998
generated,invoice_02,invoice,t1,line_items[].unit_price,money,115.95,115.95,0.97,0.998,True,0.97
generated,invoice_02,invoice,t1,line_items[].amount,money,2203.05,2203.05,0.97,0.998,True,0.97
generated,invoice_02,invoice,t1,line_items[].description,text,Customs documentation processing,Customs documentation processing,0.998,0.998,True,0.998
generated,invoice_02,invoice,t1,line_items[].quantity,number,8,8,0.998,0.998,True,0.998
generated,invoice_02,invoice,t1,line_items[].unit_price,money,322.33,322.33,0.97,0.998,True,0.97
generated,invoice_02,invoice,t1,line_items[].amount,money,2578.64,2578.64,0.97,0.998,True,0.97
generated,invoice_02,invoice,t1,line_items[].description,text,Temperature-controlled container hire,Temperature-controlled container hire,0.998,0.998,True,0.998
generated,invoice_02,invoice,t1,line_items[].quantity,number,24,24,0.998,0.998,True,0.998
generated,invoice_02,invoice,t1,line_items[].unit_price,money,311.83,311.83,0.97,0.998,True,0.97
generated,invoice_02,invoice,t1,line_items[].amount,money,7483.92,7483.92,0.97,0.998,True,0.97
generated,invoice_02,invoice,t1,line_items[].description,text,"Emergency callout, engineer attendance","Emergency callout, engineer attendance",0.998,0.998,True,0.998
generated,invoice_02,invoice,t1,line_items[].quantity,number,5,5,0.998,0.998,True,0.998
generated,invoice_02,invoice,t1,line_items[].unit_price,money,870.28,870.28,0.97,0.998,True,0.97
generated,invoice_02,invoice,t1,line_items[].amount,money,4351.40,4351.40,0.97,0.998,True,0.97
generated,invoice_02,invoice,t2,invoice_number,id,INV-2026-8771,INV-2026-8771,0.4,0.4,True,0.4
generated,invoice_02,invoice,t2,invoice_date,date,2026-08-17,2026-08-17,0.72,0.8,True,0.72
generated,invoice_02,invoice,t2,due_date,date,2026-08-31,2026-08-31,0.72,0.8,True,0.72
generated,invoice_02,invoice,t2,vendor_name,text,Meridian Port Services,Meridian Print Services,0.88,0.9,False,0.88
generated,invoice_02,invoice,t2,vendor_tax_id,id,US 84-2817553,US 84-2917553,0.42,0.42,False,0.42
generated,invoice_02,invoice,t2,bill_to_name,text,Aldergate Pharma Inc,Aldergate Pharma Inc,0.78,0.86,True,0.78
generated,invoice_02,invoice,t2,currency,code,USD,USD,0.83,0.9,True,0.83
generated,invoice_02,invoice,t2,subtotal,money,16617.01,16617.01,0.7,0.76,True,0.7
generated,invoice_02,invoice,t2,tax_rate,number,7.5,7.5,0.74,0.82,True,0.74
generated,invoice_02,invoice,t2,tax_amount,money,1246.28,1246.28,0.68,0.74,True,0.68
generated,invoice_02,invoice,t2,total_due,money,17863.29,17863.29,0.62,0.7,True,0.62
generated,invoice_02,invoice,t2,line_items[].description,text,"Pallet handling and storage, 30 days","Pallet handling and storage, 30 days",0.83,0.9,True,0.83
generated,invoice_02,invoice,t2,line_items[].quantity,number,19,19,0.72,0.8,True,0.72
generated,invoice_02,invoice,t2,line_items[].unit_price,money,115.95,115.95,0.66,0.74,True,0.66
generated,invoice_02,invoice,t2,line_items[].amount,money,2203.05,2203.05,0.66,0.74,True,0.66
generated,invoice_02,invoice,t2,line_items[].description,text,Customs documentation processing,Customs documentation processing,0.78,0.86,True,0.78
generated,invoice_02,invoice,t2,line_items[].quantity,number,8,8,0.7,0.8,True,0.7
generated,invoice_02,invoice,t2,line_items[].unit_price,money,322.33,322.33,0.58,0.66,True,0.58
generated,invoice_02,invoice,t2,line_items[].amount,money,2578.64,2578.64,0.58,0.66,True,0.58
generated,invoice_02,invoice,t2,line_items[].description,text,Temperature-controlled container hire,Temperature-controlled container hire,0.8,0.88,True,0.8
generated,invoice_02,invoice,t2,line_items[].quantity,number,24,24,0.7,0.8,True,0.7
generated,invoice_02,invoice,t2,line_items[].unit_price,money,311.83,311.83,0.56,0.64,True,0.56
generated,invoice_02,invoice,t2,line_items[].amount,money,7483.92,7483.92,0.56,0.64,True,0.56
generated,invoice_02,invoice,t2,line_items[].description,text,"Emergency callout, engineer attendance","Emergency callout, engineer attendance",0.76,0.84,True,0.76
generated,invoice_02,invoice,t2,line_items[].quantity,number,5,5,0.68,0.76,True,0.68
generated,invoice_02,invoice,t2,line_items[].unit_price,money,870.28,870.28,0.54,0.62,True,0.54
generated,invoice_02,invoice,t2,line_items[].amount,money,4351.40,4351.40,0.54,0.62,True,0.54
generated,invoice_02,invoice,t3,invoice_number,id,INV-2026-8771,INV-2026-8771,0.42,0.42,True,0.42
generated,invoice_02,invoice,t3,invoice_date,date,2026-08-17,2026-08-17,0.72,0.78,True,0.72
generated,invoice_02,invoice,t3,due_date,date,2026-08-31,2026-08-31,0.68,0.74,True,0.68
generated,invoice_02,invoice,t3,vendor_name,text,Meridian Port Services,Meridian Print Services,0.86,0.9,False,0.86
generated,invoice_02,invoice,t3,vendor_tax_id,id,US 84-2917555,US 84-2917553,0.18,0.2,False,0.18
generated,invoice_02,invoice,t3,bill_to_name,text,Aldergate Pharma Inc,Aldergate Pharma Inc,0.74,0.8,True,0.74
generated,invoice_02,invoice,t3,currency,code,USD,USD,0.61,0.72,True,0.61
generated,invoice_02,invoice,t3,subtotal,money,16617.04,16617.01,0.55,0.6,False,0.55
generated,invoice_02,invoice,t3,tax_rate,number,7.5,7.5,0.63,0.7,True,0.63
generated,invoice_02,invoice,t3,tax_amount,money,1246.28,1246.28,0.56,0.62,True,0.56
generated,invoice_02,invoice,t3,total_due,money,17863.32,17863.29,0.6,0.68,False,0.6
generated,invoice_02,invoice,t3,line_items[].description,text,"Pallet handling and storage, 30 days","Pallet handling and storage, 30 days",0.8,0.86,True,0.8
generated,invoice_02,invoice,t3,line_items[].quantity,number,16,19,0.7,0.76,False,0.7
generated,invoice_02,invoice,t3,line_items[].unit_price,money,262.50,115.95,0.34,0.38,False,0.34
generated,invoice_02,invoice,t3,line_items[].amount,money,4200.00,2203.05,0.76,0.82,False,0.76
generated,invoice_02,invoice,t3,line_items[].description,text,Customs documentation processing,Customs documentation processing,0.78,0.84,True,0.78
generated,invoice_02,invoice,t3,line_items[].quantity,number,4,8,0.58,0.64,False,0.58
generated,invoice_02,invoice,t3,line_items[].unit_price,money,644.71,322.33,0.3,0.34,False,0.3
generated,invoice_02,invoice,t3,line_items[].amount,money,2578.84,2578.64,0.66,0.72,False,0.66
generated,invoice_02,invoice,t3,line_items[].description,text,Temperature-controlled container hire,Temperature-controlled container hire,0.76,0.82,True,0.76
generated,invoice_02,invoice,t3,line_items[].quantity,number,24,24,0.6,0.66,True,0.6
generated,invoice_02,invoice,t3,line_items[].unit_price,money,228.20,311.83,0.28,0.32,False,0.28
generated,invoice_02,invoice,t3,line_items[].amount,money,5476.80,7483.92,0.68,0.74,False,0.68
generated,invoice_02,invoice,t3,line_items[].description,text,"Emergency callout, engineer attendance","Emergency callout, engineer attendance",0.72,0.78,True,0.72
generated,invoice_02,invoice,t3,line_items[].quantity,number,2,5,0.52,0.58,False,0.52
generated,invoice_02,invoice,t3,line_items[].unit_price,money,2180.70,870.28,0.24,0.28,False,0.24
generated,invoice_02,invoice,t3,line_items[].amount,money,4361.40,4351.40,0.64,0.7,False,0.64
generated,invoice_03,invoice,t0,invoice_number,id,INV-2026-2789,INV-2026-2789,0.998,0.998,True,0.998
generated,invoice_03,invoice,t0,invoice_date,date,2026-04-17,2026-04-17,0.96,0.995,True,0.96
generated,invoice_03,invoice,t0,due_date,date,2026-05-17,2026-05-17,0.96,0.995,True,0.96
generated,invoice_03,invoice,t0,vendor_name,text,Halvorsen Instruments AS,Halvorsen Instruments AS,0.998,0.998,True,0.998
generated,invoice_03,invoice,t0,vendor_tax_id,id,NO 983 472 118,NO 983 472 118,0.97,0.97,True,0.97
generated,invoice_03,invoice,t0,bill_to_name,text,Vantor Systems GmbH,Vantor Systems GmbH,0.998,0.998,True,0.998
generated,invoice_03,invoice,t0,currency,code,GBP,GBP,0.998,0.998,True,0.998
generated,invoice_03,invoice,t0,subtotal,money,27282.77,27282.77,0.97,0.995,True,0.97
generated,invoice_03,invoice,t0,tax_rate,number,5,5,0.97,0.995,True,0.97
generated,invoice_03,invoice,t0,tax_amount,money,1364.14,1364.14,0.96,0.995,True,0.96
generated,invoice_03,invoice,t0,total_due,money,28646.91,28646.91,0.97,0.995,True,0.97
generated,invoice_03,invoice,t0,line_items[].description,text,Digital proofing and colour matching,Digital proofing and colour matching,0.998,0.998,True,0.998
generated,invoice_03,invoice,t0,line_items[].quantity,number,23,23,0.998,0.998,True,0.998
generated,invoice_03,invoice,t0,line_items[].unit_price,money,693.29,693.29,0.97,0.998,True,0.97
generated,invoice_03,invoice,t0,line_items[].amount,money,15945.67,15945.67,0.97,0.998,True,0.97
generated,invoice_03,invoice,t0,line_items[].description,text,"Freight forwarding, Rotterdam to Felixstowe","Freight forwarding, Rotterdam to Felixstowe",0.998,0.998,True,0.998
generated,invoice_03,invoice,t0,line_items[].quantity,number,14,14,0.998,0.998,True,0.998
generated,invoice_03,invoice,t0,line_items[].unit_price,money,443.97,443.97,0.97,0.998,True,0.97
generated,invoice_03,invoice,t0,line_items[].amount,money,6215.58,6215.58,0.97,0.998,True,0.97
generated,invoice_03,invoice,t0,line_items[].description,text,"Site cleaning, out of hours","Site cleaning, out of hours",0.998,0.998,True,0.998
generated,invoice_03,invoice,t0,line_items[].quantity,number,5,5,0.998,0.998,True,0.998
generated,invoice_03,invoice,t0,line_items[].unit_price,money,148.64,148.64,0.97,0.998,True,0.97
generated,invoice_03,invoice,t0,line_items[].amount,money,743.20,743.20,0.97,0.998,True,0.97
generated,invoice_03,invoice,t0,line_items[].description,text,Customs documentation processing,Customs documentation processing,0.998,0.998,True,0.998
generated,invoice_03,invoice,t0,line_items[].quantity,number,6,6,0.998,0.998,True,0.998
generated,invoice_03,invoice,t0,line_items[].unit_price,money,729.72,729.72,0.97,0.998,True,0.97
generated,invoice_03,invoice,t0,line_items[].amount,money,4378.32,4378.32,0.97,0.998,True,0.97
generated,invoice_03,invoice,t1,invoice_number,id,INV-2026-2789,INV-2026-2789,0.998,0.998,True,0.998
generated,invoice_03,invoice,t1,invoice_date,date,2026-04-17,2026-04-17,0.96,0.97,True,0.96
generated,invoice_03,invoice,t1,due_date,date,2026-05-17,2026-05-17,0.96,0.97,True,0.96
generated,invoice_03,invoice,t1,vendor_name,text,Halvorsen Instruments AS,Halvorsen Instruments AS,0.998,0.998,True,0.998
generated,invoice_03,invoice,t1,vendor_tax_id,id,NO 983 472 118,NO 983 472 118,0.97,0.97,True,0.97
generated,invoice_03,invoice,t1,bill_to_name,text,Vantor Systems GmbH,Vantor Systems GmbH,0.998,0.998,True,0.998
generated,invoice_03,invoice,t1,currency,code,GBP,GBP,0.998,0.998,True,0.998
generated,invoice_03,invoice,t1,subtotal,money,27282.77,27282.77,0.97,0.998,True,0.97
generated,invoice_03,invoice,t1,tax_rate,number,5,5,0.97,0.998,True,0.97
generated,invoice_03,invoice,t1,tax_amount,money,1364.14,1364.14,0.97,0.998,True,0.97
generated,invoice_03,invoice,t1,total_due,money,28646.91,28646.91,0.97,0.998,True,0.97
generated,invoice_03,invoice,t1,line_items[].description,text,Digital proofing and colour matching,Digital proofing and colour matching,0.998,0.998,True,0.998
generated,invoice_03,invoice,t1,line_items[].quantity,number,23,23,0.998,0.998,True,0.998
generated,invoice_03,invoice,t1,line_items[].unit_price,money,693.29,693.29,0.97,0.998,True,0.97
generated,invoice_03,invoice,t1,line_items[].amount,money,15945.67,15945.67,0.97,0.998,True,0.97
generated,invoice_03,invoice,t1,line_items[].description,text,"Freight forwarding, Rotterdam to Felixstowe","Freight forwarding, Rotterdam to Felixstowe",0.998,0.998,True,0.998
generated,invoice_03,invoice,t1,line_items[].quantity,number,14,14,0.998,0.998,True,0.998
generated,invoice_03,invoice,t1,line_items[].unit_price,money,443.97,443.97,0.97,0.998,True,0.97
generated,invoice_03,invoice,t1,line_items[].amount,money,6215.58,6215.58,0.97,0.998,True,0.97
generated,invoice_03,invoice,t1,line_items[].description,text,"Site cleaning, out of hours","Site cleaning, out of hours",0.998,0.998,True,0.998
generated,invoice_03,invoice,t1,line_items[].quantity,number,5,5,0.998,0.998,True,0.998
generated,invoice_03,invoice,t1,line_items[].unit_price,money,148.64,148.64,0.97,0.998,True,0.97
generated,invoice_03,invoice,t1,line_items[].amount,money,743.20,743.20,0.97,0.998,True,0.97
generated,invoice_03,invoice,t1,line_items[].description,text,Customs documentation processing,Customs documentation processing,0.998,0.998,True,0.998
generated,invoice_03,invoice,t1,line_items[].quantity,number,6,6,0.998,0.998,True,0.998
generated,invoice_03,invoice,t1,line_items[].unit_price,money,729.72,729.72,0.97,0.998,True,0.97
generated,invoice_03,invoice,t1,line_items[].amount,money,4378.32,4378.32,0.97,0.998,True,0.97
generated,invoice_03,invoice,t2,invoice_number,id,INV-2026-2789,INV-2026-2789,0.72,0.78,True,0.72
generated,invoice_03,invoice,t2,invoice_date,date,2026-04-17,2026-04-17,0.74,0.8,True,0.74
generated,invoice_03,invoice,t2,due_date,date,2026-05-17,2026-05-17,0.74,0.8,True,0.74
generated,invoice_03,invoice,t2,vendor_name,text,Halvorsen Instruments AS,Halvorsen Instruments AS,0.62,0.68,True,0.62
generated,invoice_03,invoice,t2,vendor_tax_id,id,NO 983 472 118,NO 983 472 118,0.58,0.64,True,0.58
generated,invoice_03,invoice,t2,bill_to_name,text,Vantor Systems GmbH,Vantor Systems GmbH,0.78,0.84,True,0.78
generated,invoice_03,invoice,t2,currency,code,GBP,GBP,0.82,0.88,True,0.82
generated,invoice_03,invoice,t2,subtotal,money,27282.77,27282.77,0.7,0.76,True,0.7
generated,invoice_03,invoice,t2,tax_rate,number,5,5,0.73,0.78,True,0.73
generated,invoice_03,invoice,t2,tax_amount,money,1364.14,1364.14,0.69,0.74,True,0.69
generated,invoice_03,invoice,t2,total_due,money,28646.91,28646.91,0.69,0.75,True,0.69
generated,invoice_03,invoice,t2,line_items[].description,text,Digital proofing and colour matching,Digital proofing and colour matching,0.83,0.88,True,0.83
generated,invoice_03,invoice,t2,line_items[].quantity,number,23,23,0.8,0.86,True,0.8
generated,invoice_03,invoice,t2,line_items[].unit_price,money,693.29,693.29,0.66,0.72,True,0.66
generated,invoice_03,invoice,t2,line_items[].amount,money,15945.67,15945.67,0.64,0.7,True,0.64
generated,invoice_03,invoice,t2,line_items[].description,text,"Freight forwarding, Rotterdam to Felixstowe","Freight forwarding, Rotterdam to Felixstowe",0.78,0.84,True,0.78
generated,invoice_03,invoice,t2,line_items[].quantity,number,14,14,0.79,0.85,True,0.79
generated,invoice_03,invoice,t2,line_items[].unit_price,money,443.97,443.97,0.63,0.69,True,0.63
generated,invoice_03,invoice,t2,line_items[].amount,money,6215.58,6215.58,0.63,0.69,True,0.63
generated,invoice_03,invoice,t2,line_items[].description,text,"Site cleaning, out of hours","Site cleaning, out of hours",0.8,0.86,True,0.8
generated,invoice_03,invoice,t2,line_items[].quantity,number,5,5,0.82,0.88,True,0.82
generated,invoice_03,invoice,t2,line_items[].unit_price,money,148.64,148.64,0.61,0.67,True,0.61
generated,invoice_03,invoice,t2,line_items[].amount,money,743.20,743.20,0.6,0.66,True,0.6
generated,invoice_03,invoice,t2,line_items[].description,text,Customs documentation processing,Customs documentation processing,0.76,0.82,True,0.76
generated,invoice_03,invoice,t2,line_items[].quantity,number,6,6,0.8,0.86,True,0.8
generated,invoice_03,invoice,t2,line_items[].unit_price,money,729.72,729.72,0.61,0.67,True,0.61
generated,invoice_03,invoice,t2,line_items[].amount,money,4378.32,4378.32,0.62,0.68,True,0.62
generated,invoice_03,invoice,t3,invoice_number,id,INV-2026-2789,INV-2026-2789,0.7,0.72,True,0.7
generated,invoice_03,invoice,t3,invoice_date,date,2026-04-17,2026-04-17,0.78,0.8,True,0.78
generated,invoice_03,invoice,t3,due_date,date,2026-05-17,2026-05-17,0.78,0.8,True,0.78
generated,invoice_03,invoice,t3,vendor_name,text,Halvorsen Instruments AS,Halvorsen Instruments AS,0.72,0.74,True,0.72
generated,invoice_03,invoice,t3,vendor_tax_id,id,NO 983 472 118,NO 983 472 118,0.42,0.44,True,0.42
generated,invoice_03,invoice,t3,bill_to_name,text,Vantor Systems GmbH,Vantor Systems GmbH,0.74,0.76,True,0.74
generated,invoice_03,invoice,t3,currency,code,GBP,GBP,0.76,0.82,True,0.76
generated,invoice_03,invoice,t3,subtotal,money,30682.52,27282.77,0.6,0.64,False,0.6
generated,invoice_03,invoice,t3,tax_rate,number,9,5,0.63,0.67,False,0.63
generated,invoice_03,invoice,t3,tax_amount,money,2761.43,1364.14,0.58,0.62,False,0.58
generated,invoice_03,invoice,t3,total_due,money,33443.95,28646.91,0.6,0.66,False,0.6
generated,invoice_03,invoice,t3,line_items[].description,text,Digital proofing and colour matching,Digital proofing and colour matching,0.72,0.75,True,0.72
generated,invoice_03,invoice,t3,line_items[].quantity,number,20,23,0.7,0.73,False,0.7
generated,invoice_03,invoice,t3,line_items[].unit_price,money,767.27,693.29,0.38,0.4,False,0.38
generated,invoice_03,invoice,t3,line_items[].amount,money,15345.40,15945.67,0.55,0.58,False,0.55
generated,invoice_03,invoice,t3,line_items[].description,text,Freight forwarding: Rotterdam to Felixstowe,"Freight forwarding, Rotterdam to Felixstowe",0.7,0.74,False,0.7
generated,invoice_03,invoice,t3,line_items[].quantity,number,14,14,0.68,0.72,True,0.68
generated,invoice_03,invoice,t3,line_items[].unit_price,money,729.68,443.97,0.36,0.39,False,0.36
generated,invoice_03,invoice,t3,line_items[].amount,money,10215.50,6215.58,0.52,0.56,False,0.52
generated,invoice_03,invoice,t3,line_items[].description,text,"Site clearing, out of hours","Site cleaning, out of hours",0.74,0.77,False,0.74
generated,invoice_03,invoice,t3,line_items[].quantity,number,5,5,0.76,0.79,True,0.76
generated,invoice_03,invoice,t3,line_items[].unit_price,money,148.66,148.64,0.34,0.37,False,0.34
generated,invoice_03,invoice,t3,line_items[].amount,money,743.30,743.20,0.5,0.54,False,0.5
generated,invoice_03,invoice,t3,line_items[].description,text,Customs documentation processing,Customs documentation processing,0.72,0.76,True,0.72
generated,invoice_03,invoice,t3,line_items[].quantity,number,4,6,0.7,0.74,False,0.7
generated,invoice_03,invoice,t3,line_items[].unit_price,money,1094.58,729.72,0.32,0.36,False,0.32
generated,invoice_03,invoice,t3,line_items[].amount,money,4378.32,4378.32,0.5,0.55,True,0.5
generated,invoice_04,invoice,t0,invoice_number,id,INV-2026-2412,INV-2026-2412,0.998,0.998,True,0.998
generated,invoice_04,invoice,t0,invoice_date,date,2026-07-14,2026-07-14,0.996,0.996,True,0.996
generated,invoice_04,invoice,t0,due_date,date,2026-07-28,2026-07-28,0.996,0.996,True,0.996
generated,invoice_04,invoice,t0,vendor_name,text,Kestrel Facilities Group,Kestrel Facilities Group,0.998,0.998,True,0.998
generated,invoice_04,invoice,t0,vendor_tax_id,id,GB 556 903 217,GB 556 903 217,0.998,0.998,True,0.998
generated,invoice_04,invoice,t0,bill_to_name,text,Pellham & Rowe Associates,Pellham & Rowe Associates,0.997,0.997,True,0.997
generated,invoice_04,invoice,t0,currency,code,USD,USD,0.998,0.998,True,0.998
generated,invoice_04,invoice,t0,subtotal,money,25584.87,25584.87,0.997,0.997,True,0.997
generated,invoice_04,invoice,t0,tax_rate,number,7.5,7.5,0.996,0.996,True,0.996
generated,invoice_04,invoice,t0,tax_amount,money,1918.87,1918.87,0.997,0.997,True,0.997
generated,invoice_04,invoice,t0,total_due,money,27503.74,27503.74,0.997,0.997,True,0.997
generated,invoice_04,invoice,t0,line_items[].description,text,Temperature-controlled container hire,Temperature-controlled container hire,0.997,0.997,True,0.997
generated,invoice_04,invoice,t0,line_items[].quantity,number,3,3,0.997,0.997,True,0.997
generated,invoice_04,invoice,t0,line_items[].unit_price,money,758.86,758.86,0.997,0.997,True,0.997
generated,invoice_04,invoice,t0,line_items[].amount,money,2276.58,2276.58,0.997,0.997,True,0.997
generated,invoice_04,invoice,t0,line_items[].description,text,Digital proofing and colour matching,Digital proofing and colour matching,0.997,0.997,True,0.997
generated,invoice_04,invoice,t0,line_items[].quantity,number,14,14,0.997,0.997,True,0.997
generated,invoice_04,invoice,t0,line_items[].unit_price,money,503.46,503.46,0.997,0.997,True,0.997
generated,invoice_04,invoice,t0,line_items[].amount,money,7048.44,7048.44,0.997,0.997,True,0.997
generated,invoice_04,invoice,t0,line_items[].description,text,Customs documentation processing,Customs documentation processing,0.997,0.997,True,0.997
generated,invoice_04,invoice,t0,line_items[].quantity,number,23,23,0.997,0.997,True,0.997
generated,invoice_04,invoice,t0,line_items[].unit_price,money,706.95,706.95,0.997,0.997,True,0.997
generated,invoice_04,invoice,t0,line_items[].amount,money,16259.85,16259.85,0.997,0.997,True,0.997
generated,invoice_04,invoice,t1,invoice_number,id,INV-2026-2412,INV-2026-2412,0.998,0.998,True,0.998
generated,invoice_04,invoice,t1,invoice_date,date,2026-07-14,2026-07-14,0.965,0.996,True,0.965
generated,invoice_04,invoice,t1,due_date,date,2026-07-28,2026-07-28,0.965,0.996,True,0.965
generated,invoice_04,invoice,t1,vendor_name,text,Kestrel Facilities Group,Kestrel Facilities Group,0.998,0.998,True,0.998
generated,invoice_04,invoice,t1,vendor_tax_id,id,GB 556 903 217,GB 556 903 217,0.998,0.998,True,0.998
generated,invoice_04,invoice,t1,bill_to_name,text,Pellham & Rowe Associates,Pellham & Rowe Associates,0.998,0.998,True,0.998
generated,invoice_04,invoice,t1,currency,code,USD,USD,0.998,0.998,True,0.998
generated,invoice_04,invoice,t1,subtotal,money,25584.87,25584.87,0.97,0.996,True,0.97
generated,invoice_04,invoice,t1,tax_rate,number,7.5,7.5,0.97,0.996,True,0.97
generated,invoice_04,invoice,t1,tax_amount,money,1918.87,1918.87,0.97,0.996,True,0.97
generated,invoice_04,invoice,t1,total_due,money,27503.74,27503.74,0.97,0.996,True,0.97
generated,invoice_04,invoice,t1,line_items[].description,text,Temperature-controlled container hire,Temperature-controlled container hire,0.998,0.998,True,0.998
generated,invoice_04,invoice,t1,line_items[].quantity,number,3,3,0.998,0.998,True,0.998
generated,invoice_04,invoice,t1,line_items[].unit_price,money,758.86,758.86,0.97,0.996,True,0.97
generated,invoice_04,invoice,t1,line_items[].amount,money,2276.58,2276.58,0.97,0.996,True,0.97
generated,invoice_04,invoice,t1,line_items[].description,text,Digital proofing and colour matching,Digital proofing and colour matching,0.998,0.998,True,0.998
generated,invoice_04,invoice,t1,line_items[].quantity,number,14,14,0.998,0.998,True,0.998
generated,invoice_04,invoice,t1,line_items[].unit_price,money,503.46,503.46,0.97,0.996,True,0.97
generated,invoice_04,invoice,t1,line_items[].amount,money,7048.44,7048.44,0.97,0.996,True,0.97
generated,invoice_04,invoice,t1,line_items[].description,text,Customs documentation processing,Customs documentation processing,0.998,0.998,True,0.998
generated,invoice_04,invoice,t1,line_items[].quantity,number,23,23,0.998,0.998,True,0.998
generated,invoice_04,invoice,t1,line_items[].unit_price,money,706.95,706.95,0.97,0.996,True,0.97
generated,invoice_04,invoice,t1,line_items[].amount,money,16259.85,16259.85,0.97,0.996,True,0.97
generated,invoice_04,invoice,t2,invoice_number,id,INV-2026-2412,INV-2026-2412,0.72,0.72,True,0.72
generated,invoice_04,invoice,t2,invoice_date,date,2026-07-14,2026-07-14,0.84,0.86,True,0.84
generated,invoice_04,invoice,t2,due_date,date,2026-07-28,2026-07-28,0.84,0.86,True,0.84
generated,invoice_04,invoice,t2,vendor_name,text,Kestrel Facilities Group,Kestrel Facilities Group,0.82,0.82,True,0.82
generated,invoice_04,invoice,t2,vendor_tax_id,id,GB 556 903 217,GB 556 903 217,0.76,0.78,True,0.76
generated,invoice_04,invoice,t2,bill_to_name,text,Pelham & Rowe Associates,Pellham & Rowe Associates,0.86,0.88,False,0.86
generated,invoice_04,invoice,t2,currency,code,USD,USD,0.91,0.93,True,0.91
generated,invoice_04,invoice,t2,subtotal,money,25584.87,25584.87,0.68,0.68,True,0.68
generated,invoice_04,invoice,t2,tax_rate,number,7.5,7.5,0.83,0.85,True,0.83
generated,invoice_04,invoice,t2,tax_amount,money,1918.87,1918.87,0.67,0.67,True,0.67
generated,invoice_04,invoice,t2,total_due,money,27503.74,27503.74,0.66,0.66,True,0.66
generated,invoice_04,invoice,t2,line_items[].description,text,Temperature-controlled container hire,Temperature-controlled container hire,0.78,0.8,True,0.78
generated,invoice_04,invoice,t2,line_items[].quantity,number,3,3,0.88,0.9,True,0.88
generated,invoice_04,invoice,t2,line_items[].unit_price,money,758.86,758.86,0.62,0.64,True,0.62
generated,invoice_04,invoice,t2,line_items[].amount,money,2276.58,2276.58,0.64,0.66,True,0.64
generated,invoice_04,invoice,t2,line_items[].description,text,Digital proofing and colour matching,Digital proofing and colour matching,0.86,0.88,True,0.86
generated,invoice_04,invoice,t2,line_items[].quantity,number,14,14,0.9,0.92,True,0.9
generated,invoice_04,invoice,t2,line_items[].unit_price,money,503.46,503.46,0.66,0.68,True,0.66
generated,invoice_04,invoice,t2,line_items[].amount,money,7048.44,7048.44,0.69,0.71,True,0.69
generated,invoice_04,invoice,t2,line_items[].description,text,Customs documentation processing,Customs documentation processing,0.84,0.86,True,0.84
generated,invoice_04,invoice,t2,line_items[].quantity,number,23,23,0.88,0.9,True,0.88
generated,invoice_04,invoice,t2,line_items[].unit_price,money,706.95,706.95,0.63,0.65,True,0.63
generated,invoice_04,invoice,t2,line_items[].amount,money,16259.85,16259.85,0.67,0.69,True,0.67
generated,invoice_04,invoice,t3,invoice_number,id,INV-2026-2412,INV-2026-2412,0.7,0.7,True,0.7
generated,invoice_04,invoice,t3,invoice_date,date,2026-07-14,2026-07-14,0.72,0.72,True,0.72
generated,invoice_04,invoice,t3,due_date,date,2026-07-28,2026-07-28,0.68,0.68,True,0.68
generated,invoice_04,invoice,t3,vendor_name,text,Kestrel Facilities Group,Kestrel Facilities Group,0.74,0.74,True,0.74
generated,invoice_04,invoice,t3,vendor_tax_id,id,GB 506 900 217,GB 556 903 217,0.58,0.58,False,0.58
generated,invoice_04,invoice,t3,bill_to_name,text,Pelham & Rowe Associates,Pellham & Rowe Associates,0.82,0.82,False,0.82
generated,invoice_04,invoice,t3,currency,code,USD,USD,0.62,0.62,True,0.62
generated,invoice_04,invoice,t3,subtotal,money,65584.95,25584.87,0.66,0.66,False,0.66
generated,invoice_04,invoice,t3,tax_rate,number,7.5,7.5,0.76,0.76,True,0.76
generated,invoice_04,invoice,t3,tax_amount,money,4918.87,1918.87,0.63,0.63,False,0.63
generated,invoice_04,invoice,t3,total_due,money,70503.82,27503.74,0.64,0.64,False,0.64
generated,invoice_04,invoice,t3,line_items[].description,text,Temperature-controlled container hire,Temperature-controlled container hire,0.83,0.83,True,0.83
generated,invoice_04,invoice,t3,line_items[].quantity,number,8,3,0.78,0.78,False,0.78
generated,invoice_04,invoice,t3,line_items[].unit_price,money,,758.86,0.0,0.0,False,0.0
generated,invoice_04,invoice,t3,line_items[].amount,money,42276.66,2276.58,0.61,0.61,False,0.61
generated,invoice_04,invoice,t3,line_items[].description,text,Digital proofing and colour matching,Digital proofing and colour matching,0.8,0.8,True,0.8
generated,invoice_04,invoice,t3,line_items[].quantity,number,14,14,0.74,0.74,True,0.74
generated,invoice_04,invoice,t3,line_items[].unit_price,money,,503.46,0.0,0.0,False,0.0
generated,invoice_04,invoice,t3,line_items[].amount,money,7048.44,7048.44,0.56,0.56,True,0.56
generated,invoice_04,invoice,t3,line_items[].description,text,Customs documentation processing,Customs documentation processing,0.81,0.81,True,0.81
generated,invoice_04,invoice,t3,line_items[].quantity,number,23,23,0.74,0.74,True,0.74
generated,invoice_04,invoice,t3,line_items[].unit_price,money,,706.95,0.0,0.0,False,0.0
generated,invoice_04,invoice,t3,line_items[].amount,money,16259.85,16259.85,0.58,0.58,True,0.58
generated,invoice_05,invoice,t0,invoice_number,id,INV-2026-6547,INV-2026-6547,0.998,0.998,True,0.998
generated,invoice_05,invoice,t0,invoice_date,date,2026-05-04,2026-05-04,0.96,0.995,True,0.96
generated,invoice_05,invoice,t0,due_date,date,2026-05-18,2026-05-18,0.96,0.995,True,0.96
generated,invoice_05,invoice,t0,vendor_name,text,Tanaka Precision KK,Tanaka Precision KK,0.998,0.998,True,0.998
generated,invoice_05,invoice,t0,vendor_tax_id,id,JP 6010401 09287,JP 6010401 09287,0.82,0.78,True,0.78
generated,invoice_05,invoice,t0,bill_to_name,text,Cobalt Ridge Holdings,Cobalt Ridge Holdings,0.998,0.998,True,0.998
generated,invoice_05,invoice,t0,currency,code,GBP,GBP,0.998,0.998,True,0.998
generated,invoice_05,invoice,t0,subtotal,money,18963.13,18963.13,0.995,0.995,True,0.995
generated,invoice_05,invoice,t0,tax_rate,number,19,19,0.97,0.98,True,0.97
generated,invoice_05,invoice,t0,tax_amount,money,3602.99,3602.99,0.995,0.995,True,0.995
generated,invoice_05,invoice,t0,total_due,money,22566.12,22566.12,0.995,0.995,True,0.995
generated,invoice_05,invoice,t0,line_items[].description,text,Customs documentation processing,Customs documentation processing,0.998,0.998,True,0.998
generated,invoice_05,invoice,t0,line_items[].quantity,number,6,6,0.998,0.998,True,0.998
generated,invoice_05,invoice,t0,line_items[].unit_price,money,809.52,809.52,0.995,0.995,True,0.995
generated,invoice_05,invoice,t0,line_items[].amount,money,4857.12,4857.12,0.995,0.995,True,0.995
generated,invoice_05,invoice,t0,line_items[].description,text,"Site cleaning, out of hours","Site cleaning, out of hours",0.998,0.998,True,0.998
generated,invoice_05,invoice,t0,line_items[].quantity,number,15,15,0.998,0.998,True,0.998
generated,invoice_05,invoice,t0,line_items[].unit_price,money,53.37,53.37,0.995,0.995,True,0.995
generated,invoice_05,invoice,t0,line_items[].amount,money,800.55,800.55,0.995,0.995,True,0.995
generated,invoice_05,invoice,t0,line_items[].description,text,Temperature-controlled container hire,Temperature-controlled container hire,0.998,0.998,True,0.998
generated,invoice_05,invoice,t0,line_items[].quantity,number,10,10,0.998,0.998,True,0.998
generated,invoice_05,invoice,t0,line_items[].unit_price,money,627.47,627.47,0.995,0.995,True,0.995
generated,invoice_05,invoice,t0,line_items[].amount,money,6274.70,6274.70,0.995,0.995,True,0.995
generated,invoice_05,invoice,t0,line_items[].description,text,"Emergency callout, engineer attendance","Emergency callout, engineer attendance",0.998,0.998,True,0.998
generated,invoice_05,invoice,t0,line_items[].quantity,number,19,19,0.998,0.998,True,0.998
generated,invoice_05,invoice,t0,line_items[].unit_price,money,370.04,370.04,0.995,0.995,True,0.995
generated,invoice_05,invoice,t0,line_items[].amount,money,7030.76,7030.76,0.995,0.995,True,0.995
generated,invoice_05,invoice,t1,invoice_number,id,INV-2026-6547,INV-2026-6547,0.998,0.998,True,0.998
generated,invoice_05,invoice,t1,invoice_date,date,2026-05-04,2026-05-04,0.965,0.965,True,0.965
generated,invoice_05,invoice,t1,due_date,date,2026-05-18,2026-05-18,0.965,0.965,True,0.965
generated,invoice_05,invoice,t1,vendor_name,text,Tanaka Precision KK,Tanaka Precision KK,0.998,0.998,True,0.998
generated,invoice_05,invoice,t1,vendor_tax_id,id,JP 6010401 09287,JP 6010401 09287,0.95,0.95,True,0.95
generated,invoice_05,invoice,t1,bill_to_name,text,Cobalt Ridge Holdings,Cobalt Ridge Holdings,0.998,0.998,True,0.998
generated,invoice_05,invoice,t1,currency,code,GBP,GBP,0.998,0.998,True,0.998
generated,invoice_05,invoice,t1,subtotal,money,18963.13,18963.13,0.97,0.97,True,0.97
generated,invoice_05,invoice,t1,tax_rate,number,19,19,0.97,0.97,True,0.97
generated,invoice_05,invoice,t1,tax_amount,money,3602.99,3602.99,0.97,0.97,True,0.97
generated,invoice_05,invoice,t1,total_due,money,22566.12,22566.12,0.97,0.97,True,0.97
generated,invoice_05,invoice,t1,line_items[].description,text,Customs documentation processing,Customs documentation processing,0.998,0.998,True,0.998
generated,invoice_05,invoice,t1,line_items[].quantity,number,6,6,0.998,0.998,True,0.998
generated,invoice_05,invoice,t1,line_items[].unit_price,money,809.52,809.52,0.97,0.97,True,0.97
generated,invoice_05,invoice,t1,line_items[].amount,money,4857.12,4857.12,0.97,0.97,True,0.97
generated,invoice_05,invoice,t1,line_items[].description,text,"Site cleaning, out of hours","Site cleaning, out of hours",0.998,0.998,True,0.998
generated,invoice_05,invoice,t1,line_items[].quantity,number,15,15,0.998,0.998,True,0.998
generated,invoice_05,invoice,t1,line_items[].unit_price,money,53.37,53.37,0.97,0.97,True,0.97
generated,invoice_05,invoice,t1,line_items[].amount,money,800.55,800.55,0.97,0.97,True,0.97
generated,invoice_05,invoice,t1,line_items[].description,text,Temperature-controlled container hire,Temperature-controlled container hire,0.998,0.998,True,0.998
generated,invoice_05,invoice,t1,line_items[].quantity,number,10,10,0.998,0.998,True,0.998
generated,invoice_05,invoice,t1,line_items[].unit_price,money,627.47,627.47,0.97,0.97,True,0.97
generated,invoice_05,invoice,t1,line_items[].amount,money,6274.70,6274.70,0.97,0.97,True,0.97
generated,invoice_05,invoice,t1,line_items[].description,text,"Emergency callout, engineer attendance","Emergency callout, engineer attendance",0.998,0.998,True,0.998
generated,invoice_05,invoice,t1,line_items[].quantity,number,19,19,0.998,0.998,True,0.998
generated,invoice_05,invoice,t1,line_items[].unit_price,money,370.04,370.04,0.97,0.97,True,0.97
generated,invoice_05,invoice,t1,line_items[].amount,money,7030.76,7030.76,0.97,0.97,True,0.97
generated,invoice_05,invoice,t2,invoice_number,id,INV-2026-6547,INV-2026-6547,0.72,0.78,True,0.72
generated,invoice_05,invoice,t2,invoice_date,date,2026-05-04,2026-05-04,0.74,0.78,True,0.74
generated,invoice_05,invoice,t2,due_date,date,2026-05-18,2026-05-18,0.74,0.78,True,0.74
generated,invoice_05,invoice,t2,vendor_name,text,Tanaka Precision KK,Tanaka Precision KK,0.9,0.94,True,0.9
generated,invoice_05,invoice,t2,vendor_tax_id,id,JP 6010401 09287,JP 6010401 09287,0.42,0.5,True,0.42
generated,invoice_05,invoice,t2,bill_to_name,text,Cobalt Ridge Holdings,Cobalt Ridge Holdings,0.88,0.92,True,0.88
generated,invoice_05,invoice,t2,currency,code,GBP,GBP,0.83,0.9,True,0.83
generated,invoice_05,invoice,t2,subtotal,money,18963.13,18963.13,0.7,0.76,True,0.7
generated,invoice_05,invoice,t2,tax_rate,number,19,19,0.62,0.68,True,0.62
generated,invoice_05,invoice,t2,tax_amount,money,3602.99,3602.99,0.69,0.74,True,0.69
generated,invoice_05,invoice,t2,total_due,money,22566.12,22566.12,0.68,0.74,True,0.68
generated,invoice_05,invoice,t2,line_items[].description,text,Customs documentation processing,Customs documentation processing,0.87,0.91,True,0.87
generated,invoice_05,invoice,t2,line_items[].quantity,number,6,6,0.83,0.88,True,0.83
generated,invoice_05,invoice,t2,line_items[].unit_price,money,809.52,809.52,0.6,0.66,True,0.6
generated,invoice_05,invoice,t2,line_items[].amount,money,4857.12,4857.12,0.65,0.72,True,0.65
generated,invoice_05,invoice,t2,line_items[].description,text,"Site cleaning, out of hours","Site cleaning, out of hours",0.84,0.89,True,0.84
generated,invoice_05,invoice,t2,line_items[].quantity,number,15,15,0.8,0.86,True,0.8
generated,invoice_05,invoice,t2,line_items[].unit_price,money,53.37,53.37,0.56,0.63,True,0.56
generated,invoice_05,invoice,t2,line_items[].amount,money,800.55,800.55,0.58,0.65,True,0.58
generated,invoice_05,invoice,t2,line_items[].description,text,Temperature-controlled container hire,Temperature-controlled container hire,0.88,0.92,True,0.88
generated,invoice_05,invoice,t2,line_items[].quantity,number,10,10,0.79,0.85,True,0.79
generated,invoice_05,invoice,t2,line_items[].unit_price,money,827.47,627.47,0.57,0.64,False,0.57
generated,invoice_05,invoice,t2,line_items[].amount,money,8274.70,6274.70,0.61,0.68,False,0.61
generated,invoice_05,invoice,t2,line_items[].description,text,"Emergency callout, engineer attendance","Emergency callout, engineer attendance",0.86,0.9,True,0.86
generated,invoice_05,invoice,t2,line_items[].quantity,number,19,19,0.79,0.84,True,0.79
generated,invoice_05,invoice,t2,line_items[].unit_price,money,370.04,370.04,0.55,0.62,True,0.55
generated,invoice_05,invoice,t2,line_items[].amount,money,7030.76,7030.76,0.59,0.66,True,0.59
generated,invoice_05,invoice,t3,invoice_number,id,INV-2026-6047,INV-2026-6547,0.42,0.42,False,0.42
generated,invoice_05,invoice,t3,invoice_date,date,2026-05-04,2026-05-04,0.72,0.74,True,0.72
generated,invoice_05,invoice,t3,due_date,date,2026-05-18,2026-05-18,0.72,0.74,True,0.72
generated,invoice_05,invoice,t3,vendor_name,text,Corvus Precision KK,Tanaka Precision KK,0.86,0.88,False,0.86
generated,invoice_05,invoice,t3,vendor_tax_id,id,JP 6010401 04097,JP 6010401 09287,0.18,0.18,False,0.18
generated,invoice_05,invoice,t3,bill_to_name,text,Cobalt Ridge Holdings,Cobalt Ridge Holdings,0.83,0.86,True,0.83
generated,invoice_05,invoice,t3,currency,code,GBP,GBP,0.78,0.82,True,0.78
generated,invoice_05,invoice,t3,subtotal,money,19062.08,18963.13,0.55,0.58,False,0.55
generated,invoice_05,invoice,t3,tax_rate,number,19,19,0.12,0.2,True,0.12
generated,invoice_05,invoice,t3,tax_amount,money,3621.79,3602.99,0.54,0.58,False,0.54
generated,invoice_05,invoice,t3,total_due,money,22683.87,22566.12,0.58,0.62,False,0.58
generated,invoice_05,invoice,t3,line_items[].description,text,Customs documentation processing,Customs documentation processing,0.88,0.9,True,0.88
generated,invoice_05,invoice,t3,line_items[].quantity,number,4,6,0.76,0.79,False,0.76
generated,invoice_05,invoice,t3,line_items[].unit_price,money,1214.28,809.52,0.34,0.38,False,0.34
generated,invoice_05,invoice,t3,line_items[].amount,money,4857.12,4857.12,0.7,0.74,True,0.7
generated,invoice_05,invoice,t3,line_items[].description,text,"Site clearing, out of hours","Site cleaning, out of hours",0.9,0.92,False,0.9
generated,invoice_05,invoice,t3,line_items[].quantity,number,15,15,0.72,0.75,True,0.72
generated,invoice_05,invoice,t3,line_items[].unit_price,money,60.00,53.37,0.22,0.28,False,0.22
generated,invoice_05,invoice,t3,line_items[].amount,money,900.00,800.55,0.68,0.72,False,0.68
generated,invoice_05,invoice,t3,line_items[].description,text,Temperature-controlled container hire,Temperature-controlled container hire,0.86,0.89,True,0.86
generated,invoice_05,invoice,t3,line_items[].quantity,number,10,10,0.72,0.75,True,0.72
generated,invoice_05,invoice,t3,line_items[].unit_price,money,627.47,627.47,0.2,0.25,True,0.2
generated,invoice_05,invoice,t3,line_items[].amount,money,6274.70,6274.70,0.66,0.7,True,0.66
generated,invoice_05,invoice,t3,line_items[].description,text,"Emergency callout, engineer attendance","Emergency callout, engineer attendance",0.87,0.9,True,0.87
generated,invoice_05,invoice,t3,line_items[].quantity,number,18,19,0.72,0.75,False,0.72
generated,invoice_05,invoice,t3,line_items[].unit_price,money,390.57,370.04,0.2,0.24,False,0.2
generated,invoice_05,invoice,t3,line_items[].amount,money,7030.26,7030.76,0.66,0.7,False,0.66
generated,statement_01,statement,t0,bank_name,text,First Meridian Bank,First Meridian Bank,0.998,0.998,True,0.998
generated,statement_01,statement,t0,account_holder,text,Vantor Systems GmbH,Vantor Systems GmbH,0.998,0.998,True,0.998
generated,statement_01,statement,t0,account_number,id,18-61128-349,18-61128-349,0.998,0.998,True,0.998
generated,statement_01,statement,t0,currency,code,USD,USD,0.998,0.998,True,0.998
generated,statement_01,statement,t0,statement_period_start,date,2026-07-01,2026-07-01,0.96,0.97,True,0.96
generated,statement_01,statement,t0,statement_period_end,date,2026-07-31,2026-07-31,0.96,0.97,True,0.96
generated,statement_01,statement,t0,opening_balance,money,84429.72,84429.72,0.998,0.998,True,0.998
generated,statement_01,statement,t0,closing_balance,money,72673.30,72673.30,0.998,0.998,True,0.998
generated,statement_01,statement,t0,transactions[].date,date,2026-07-11,2026-07-11,0.97,0.97,True,0.97
generated,statement_01,statement,t0,transactions[].description,text,DIRECT DEBIT BRITISH GAS,DIRECT DEBIT BRITISH GAS,0.998,0.998,True,0.998
generated,statement_01,statement,t0,transactions[].amount,money,-262.53,-262.53,0.998,0.998,True,0.998
generated,statement_01,statement,t0,transactions[].balance,money,84167.19,84167.19,0.998,0.998,True,0.998
generated,statement_01,statement,t0,transactions[].date,date,2026-07-18,2026-07-18,0.97,0.97,True,0.97
generated,statement_01,statement,t0,transactions[].description,text,FEE MONTHLY ACCOUNT CHARGE,FEE MONTHLY ACCOUNT CHARGE,0.998,0.998,True,0.998
generated,statement_01,statement,t0,transactions[].amount,money,-42.88,-42.88,0.998,0.998,True,0.998
generated,statement_01,statement,t0,transactions[].balance,money,84124.31,84124.31,0.998,0.998,True,0.998
generated,statement_01,statement,t0,transactions[].date,date,2026-07-26,2026-07-26,0.97,0.97,True,0.97
generated,statement_01,statement,t0,transactions[].description,text,STANDING ORDER OFFICE RENT,STANDING ORDER OFFICE RENT,0.998,0.998,True,0.998
generated,statement_01,statement,t0,transactions[].amount,money,-1815.22,-1815.22,0.998,0.998,True,0.998
generated,statement_01,statement,t0,transactions[].balance,money,82309.09,82309.09,0.998,0.998,True,0.998
generated,statement_01,statement,t0,transactions[].date,date,2026-07-27,2026-07-27,0.97,0.97,True,0.97
generated,statement_01,statement,t0,transactions[].description,text,CHEQUE DEPOSIT 004187,CHEQUE DEPOSIT 004187,0.998,0.998,True,0.998
generated,statement_01,statement,t0,transactions[].amount,money,3841.01,3841.01,0.998,0.998,True,0.998
generated,statement_01,statement,t0,transactions[].balance,money,86150.10,86150.10,0.998,0.998,True,0.998
generated,statement_01,statement,t0,transactions[].date,date,2026-07-29,2026-07-29,0.97,0.97,True,0.97
generated,statement_01,statement,t0,transactions[].description,text,CARD PURCHASE 4412 UBER,CARD PURCHASE 4412 UBER,0.998,0.998,True,0.998
generated,statement_01,statement,t0,transactions[].amount,money,-79.52,-79.52,0.998,0.998,True,0.998
generated,statement_01,statement,t0,transactions[].balance,money,86070.58,86070.58,0.998,0.998,True,0.998
generated,statement_01,statement,t0,transactions[].date,date,2026-07-29,2026-07-29,0.97,0.97,True,0.97
generated,statement_01,statement,t0,transactions[].description,text,SALARY PAYMENT RUN 08,SALARY PAYMENT RUN 08,0.998,0.998,True,0.998
generated,statement_01,statement,t0,transactions[].amount,money,-13397.28,-13397.28,0.998,0.998,True,0.998
generated,statement_01,statement,t0,transactions[].balance,money,72673.30,72673.30,0.998,0.998,True,0.998
generated,statement_01,statement,t1,bank_name,text,First Meridian Bank,First Meridian Bank,0.998,0.998,True,0.998
generated,statement_01,statement,t1,account_holder,text,Vantor Systems GmbH,Vantor Systems GmbH,0.998,0.998,True,0.998
generated,statement_01,statement,t1,account_number,id,18-61128-349,18-61128-349,0.998,0.998,True,0.998
generated,statement_01,statement,t1,currency,code,USD,USD,0.998,0.998,True,0.998
generated,statement_01,statement,t1,statement_period_start,date,2026-07-01,2026-07-01,0.96,0.992,True,0.96
generated,statement_01,statement,t1,statement_period_end,date,2026-07-31,2026-07-31,0.96,0.992,True,0.96
generated,statement_01,statement,t1,opening_balance,money,84429.72,84429.72,0.997,0.997,True,0.997
generated,statement_01,statement,t1,closing_balance,money,72673.30,72673.30,0.997,0.997,True,0.997
generated,statement_01,statement,t1,transactions[].date,date,2026-07-11,2026-07-11,0.97,0.996,True,0.97
generated,statement_01,statement,t1,transactions[].description,text,DIRECT DEBIT BRITISH GAS,DIRECT DEBIT BRITISH GAS,0.998,0.998,True,0.998
generated,statement_01,statement,t1,transactions[].amount,money,-262.53,-262.53,0.997,0.997,True,0.997
generated,statement_01,statement,t1,transactions[].balance,money,84167.19,84167.19,0.997,0.997,True,0.997
generated,statement_01,statement,t1,transactions[].date,date,2026-07-18,2026-07-18,0.97,0.996,True,0.97
generated,statement_01,statement,t1,transactions[].description,text,FEE MONTHLY ACCOUNT CHARGE,FEE MONTHLY ACCOUNT CHARGE,0.998,0.998,True,0.998
generated,statement_01,statement,t1,transactions[].amount,money,-42.88,-42.88,0.997,0.997,True,0.997
generated,statement_01,statement,t1,transactions[].balance,money,84124.31,84124.31,0.997,0.997,True,0.997
generated,statement_01,statement,t1,transactions[].date,date,2026-07-26,2026-07-26,0.97,0.996,True,0.97
generated,statement_01,statement,t1,transactions[].description,text,STANDING ORDER OFFICE RENT,STANDING ORDER OFFICE RENT,0.998,0.998,True,0.998
generated,statement_01,statement,t1,transactions[].amount,money,-1815.22,-1815.22,0.997,0.997,True,0.997
generated,statement_01,statement,t1,transactions[].balance,money,82309.09,82309.09,0.997,0.997,True,0.997
generated,statement_01,statement,t1,transactions[].date,date,2026-07-27,2026-07-27,0.97,0.996,True,0.97
generated,statement_01,statement,t1,transactions[].description,text,CHEQUE DEPOSIT 004187,CHEQUE DEPOSIT 004187,0.998,0.998,True,0.998
generated,statement_01,statement,t1,transactions[].amount,money,3841.01,3841.01,0.997,0.997,True,0.997
generated,statement_01,statement,t1,transactions[].balance,money,86150.10,86150.10,0.997,0.997,True,0.997
generated,statement_01,statement,t1,transactions[].date,date,2026-07-29,2026-07-29,0.97,0.996,True,0.97
generated,statement_01,statement,t1,transactions[].description,text,CARD PURCHASE 4412 UBER,CARD PURCHASE 4412 UBER,0.998,0.998,True,0.998
generated,statement_01,statement,t1,transactions[].amount,money,-79.52,-79.52,0.997,0.997,True,0.997
generated,statement_01,statement,t1,transactions[].balance,money,86070.58,86070.58,0.997,0.997,True,0.997
generated,statement_01,statement,t1,transactions[].date,date,2026-07-29,2026-07-29,0.97,0.996,True,0.97
generated,statement_01,statement,t1,transactions[].description,text,SALARY PAYMENT RUN 08,SALARY PAYMENT RUN 08,0.998,0.998,True,0.998
generated,statement_01,statement,t1,transactions[].amount,money,-13397.28,-13397.28,0.997,0.997,True,0.997
generated,statement_01,statement,t1,transactions[].balance,money,72673.30,72673.30,0.997,0.997,True,0.997
generated,statement_01,statement,t2,bank_name,text,First Meridian Bank,First Meridian Bank,0.98,0.98,True,0.98
generated,statement_01,statement,t2,account_holder,text,Vantor Systems GmbH,Vantor Systems GmbH,0.72,0.72,True,0.72
generated,statement_01,statement,t2,account_number,id,18-61128-349,18-61128-349,0.42,0.42,True,0.42
generated,statement_01,statement,t2,currency,code,USD,USD,0.95,0.95,True,0.95
generated,statement_01,statement,t2,statement_period_start,date,2026-07-01,2026-07-01,0.78,0.78,True,0.78
generated,statement_01,statement,t2,statement_period_end,date,2026-07-31,2026-07-31,0.78,0.78,True,0.78
generated,statement_01,statement,t2,opening_balance,money,84429.72,84429.72,0.68,0.68,True,0.68
generated,statement_01,statement,t2,closing_balance,money,72673.30,72673.30,0.82,0.82,True,0.82
generated,statement_01,statement,t2,transactions[].date,date,2026-07-11,2026-07-11,0.74,0.74,True,0.74
generated,statement_01,statement,t2,transactions[].description,text,DIRECT DEBIT BRITISH GAS,DIRECT DEBIT BRITISH GAS,0.86,0.86,True,0.86
generated,statement_01,statement,t2,transactions[].amount,money,-262.53,-262.53,0.56,0.56,True,0.56
generated,statement_01,statement,t2,transactions[].balance,money,84167.19,84167.19,0.62,0.62,True,0.62
generated,statement_01,statement,t2,transactions[].date,date,2026-07-18,2026-07-18,0.66,0.66,True,0.66
generated,statement_01,statement,t2,transactions[].description,text,FEE MONTHLY ACCOUNT CHARGE,FEE MONTHLY ACCOUNT CHARGE,0.88,0.88,True,0.88
generated,statement_01,statement,t2,transactions[].amount,money,-42.88,-42.88,0.52,0.52,True,0.52
generated,statement_01,statement,t2,transactions[].balance,money,84124.31,84124.31,0.58,0.58,True,0.58
generated,statement_01,statement,t2,transactions[].date,date,2026-07-26,2026-07-26,0.62,0.62,True,0.62
generated,statement_01,statement,t2,transactions[].description,text,STANDING ORDER OFFICE RENT,STANDING ORDER OFFICE RENT,0.85,0.85,True,0.85
generated,statement_01,statement,t2,transactions[].amount,money,-1815.22,-1815.22,0.44,0.44,True,0.44
generated,statement_01,statement,t2,transactions[].balance,money,82309.09,82309.09,0.48,0.48,True,0.48
generated,statement_01,statement,t2,transactions[].date,date,2026-07-27,2026-07-27,0.6,0.6,True,0.6
generated,statement_01,statement,t2,transactions[].description,text,CHEQUE DEPOSIT 004187,CHEQUE DEPOSIT 004187,0.82,0.82,True,0.82
generated,statement_01,statement,t2,transactions[].amount,money,3841.01,3841.01,0.4,0.4,True,0.4
generated,statement_01,statement,t2,transactions[].balance,money,86150.10,86150.10,0.44,0.44,True,0.44
generated,statement_01,statement,t2,transactions[].date,date,2026-07-29,2026-07-29,0.6,0.6,True,0.6
generated,statement_01,statement,t2,transactions[].description,text,CARD PURCHASE 4412 UBER,CARD PURCHASE 4412 UBER,0.8,0.8,True,0.8
generated,statement_01,statement,t2,transactions[].amount,money,-79.52,-79.52,0.38,0.38,True,0.38
generated,statement_01,statement,t2,transactions[].balance,money,86070.58,86070.58,0.42,0.42,True,0.42
generated,statement_01,statement,t2,transactions[].date,date,2026-07-29,2026-07-29,0.6,0.6,True,0.6
generated,statement_01,statement,t2,transactions[].description,text,SALARY PAYMENT RUN 08,SALARY PAYMENT RUN 08,0.84,0.84,True,0.84
generated,statement_01,statement,t2,transactions[].amount,money,-13397.28,-13397.28,0.36,0.36,True,0.36
generated,statement_01,statement,t2,transactions[].balance,money,72673.30,72673.30,0.82,0.82,True,0.82
generated,statement_01,statement,t3,bank_name,text,First Meridian Bank,First Meridian Bank,0.98,0.98,True,0.98
generated,statement_01,statement,t3,account_holder,text,Vantor Systems GmbH,Vantor Systems GmbH,0.94,0.93,True,0.93
generated,statement_01,statement,t3,account_number,id,18-91128-342,18-61128-349,0.52,0.45,False,0.45
generated,statement_01,statement,t3,currency,code,USD,USD,0.78,0.78,True,0.78
generated,statement_01,statement,t3,statement_period_start,date,2026-07-01,2026-07-01,0.42,0.35,True,0.35
generated,statement_01,statement,t3,statement_period_end,date,2026-07-31,2026-07-31,0.42,0.35,True,0.35
generated,statement_01,statement,t3,opening_balance,money,584426.72,84429.72,0.72,0.7,False,0.7
generated,statement_01,statement,t3,closing_balance,money,572673.30,72673.30,0.88,0.88,False,0.88
generated,statement_01,statement,t3,transactions[].date,date,2026-07-11,2026-07-11,0.38,0.32,True,0.32
generated,statement_01,statement,t3,transactions[].description,text,DIRECT DEBIT BRITISH GAS,DIRECT DEBIT BRITISH GAS,0.84,0.84,True,0.84
generated,statement_01,statement,t3,transactions[].amount,money,-262.53,-262.53,0.58,0.52,True,0.52
generated,statement_01,statement,t3,transactions[].balance,money,584164.19,84167.19,0.72,0.7,False,0.7
generated,statement_01,statement,t3,transactions[].date,date,2026-07-18,2026-07-18,0.36,0.3,True,0.3
generated,statement_01,statement,t3,transactions[].description,text,FEE MONTHLY ACCOUNT CHARGE,FEE MONTHLY ACCOUNT CHARGE,0.82,0.82,True,0.82
generated,statement_01,statement,t3,transactions[].amount,money,-40.00,-42.88,0.3,0.26,False,0.26
generated,statement_01,statement,t3,transactions[].balance,money,584124.19,84124.31,0.66,0.64,False,0.64
generated,statement_01,statement,t3,transactions[].date,date,2026-07-26,2026-07-26,0.34,0.28,True,0.28
generated,statement_01,statement,t3,transactions[].description,text,STANDING ORDER OFFICE RENT,STANDING ORDER OFFICE RENT,0.8,0.8,True,0.8
generated,statement_01,statement,t3,transactions[].amount,money,-1815.11,-1815.22,0.22,0.2,False,0.2
generated,statement_01,statement,t3,transactions[].balance,money,582309.08,82309.09,0.62,0.6,False,0.6
generated,statement_01,statement,t3,transactions[].date,date,2026-07-27,2026-07-27,0.3,0.26,True,0.26
generated,statement_01,statement,t3,transactions[].description,text,CHEQUE DEPOSIT 008187,CHEQUE DEPOSIT 004187,0.76,0.76,False,0.76
generated,statement_01,statement,t3,transactions[].amount,money,3791.10,3841.01,0.18,0.16,False,0.16
generated,statement_01,statement,t3,transactions[].balance,money,586100.18,86150.10,0.56,0.54,False,0.54
generated,statement_01,statement,t3,transactions[].date,date,2026-07-28,2026-07-29,0.3,0.26,False,0.26
generated,statement_01,statement,t3,transactions[].description,text,CARD PURCHASE 4412 UBER,CARD PURCHASE 4412 UBER,0.78,0.78,True,0.78
generated,statement_01,statement,t3,transactions[].amount,money,-20.50,-79.52,0.24,0.22,False,0.22
generated,statement_01,statement,t3,transactions[].balance,money,586079.68,86070.58,0.54,0.52,False,0.52
generated,statement_01,statement,t3,transactions[].date,date,2026-07-29,2026-07-29,0.32,0.28,True,0.28
generated,statement_01,statement,t3,transactions[].description,text,SALARY PAYMENT RUN 08,SALARY PAYMENT RUN 08,0.8,0.8,True,0.8
generated,statement_01,statement,t3,transactions[].amount,money,-13406.38,-13397.28,0.6,0.56,False,0.56
generated,statement_01,statement,t3,transactions[].balance,money,572673.30,72673.30,0.88,0.88,False,0.88
generated,statement_02,statement,t0,bank_name,text,Caldera Savings & Trust,Caldera Savings & Trust,0.998,0.998,True,0.998
generated,statement_02,statement,t0,account_holder,text,Pellham & Rowe Associates,Pellham & Rowe Associates,0.998,0.998,True,0.998
generated,statement_02,statement,t0,account_number,id,93-17708-299,93-17708-299,0.998,0.998,True,0.998
generated,statement_02,statement,t0,currency,code,USD,USD,0.998,0.998,True,0.998
generated,statement_02,statement,t0,statement_period_start,date,2026-01-01,2026-01-01,0.94,0.996,True,0.94
generated,statement_02,statement,t0,statement_period_end,date,2026-01-31,2026-01-31,0.94,0.996,True,0.94
generated,statement_02,statement,t0,opening_balance,money,57883.54,57883.54,0.998,0.998,True,0.998
generated,statement_02,statement,t0,closing_balance,money,45362.73,45362.73,0.998,0.998,True,0.998
generated,statement_02,statement,t0,transactions[].date,date,2026-01-02,2026-01-02,0.94,0.996,True,0.94
generated,statement_02,statement,t0,transactions[].description,text,SALARY PAYMENT RUN 08,SALARY PAYMENT RUN 08,0.998,0.998,True,0.998
generated,statement_02,statement,t0,transactions[].amount,money,-22007.23,-22007.23,0.998,0.998,True,0.998
generated,statement_02,statement,t0,transactions[].balance,money,35876.31,35876.31,0.998,0.998,True,0.998
generated,statement_02,statement,t0,transactions[].date,date,2026-01-23,2026-01-23,0.94,0.996,True,0.94
generated,statement_02,statement,t0,transactions[].description,text,CARD PURCHASE 4412 STAPLES,CARD PURCHASE 4412 STAPLES,0.998,0.998,True,0.998
generated,statement_02,statement,t0,transactions[].amount,money,-167.54,-167.54,0.998,0.998,True,0.998
generated,statement_02,statement,t0,transactions[].balance,money,35708.77,35708.77,0.998,0.998,True,0.998
generated,statement_02,statement,t0,transactions[].date,date,2026-01-23,2026-01-23,0.94,0.996,True,0.94
generated,statement_02,statement,t0,transactions[].description,text,BACS CREDIT MERIDIAN PRINT,BACS CREDIT MERIDIAN PRINT,0.998,0.998,True,0.998
generated,statement_02,statement,t0,transactions[].amount,money,6230.10,6230.10,0.998,0.998,True,0.998
generated,statement_02,statement,t0,transactions[].balance,money,41938.87,41938.87,0.998,0.998,True,0.998
generated,statement_02,statement,t0,transactions[].date,date,2026-01-27,2026-01-27,0.94,0.996,True,0.94
generated,statement_02,statement,t0,transactions[].description,text,DIRECT DEBIT BRITISH GAS,DIRECT DEBIT BRITISH GAS,0.998,0.998,True,0.998
generated,statement_02,statement,t0,transactions[].amount,money,-515.53,-515.53,0.998,0.998,True,0.998
generated,statement_02,statement,t0,transactions[].balance,money,41423.34,41423.34,0.998,0.998,True,0.998
generated,statement_02,statement,t0,transactions[].date,date,2026-01-28,2026-01-28,0.94,0.996,True,0.94
generated,statement_02,statement,t0,transactions[].description,text,CARD PURCHASE 4412 UBER,CARD PURCHASE 4412 UBER,0.998,0.998,True,0.998
generated,statement_02,statement,t0,transactions[].amount,money,-38.91,-38.91,0.998,0.998,True,0.998
generated,statement_02,statement,t0,transactions[].balance,money,41384.43,41384.43,0.998,0.998,True,0.998
generated,statement_02,statement,t0,transactions[].date,date,2026-01-30,2026-01-30,0.94,0.996,True,0.94
generated,statement_02,statement,t0,transactions[].description,text,TRANSFER IN REF INV-2291,TRANSFER IN REF INV-2291,0.998,0.998,True,0.998
generated,statement_02,statement,t0,transactions[].amount,money,3978.30,3978.30,0.998,0.998,True,0.998
generated,statement_02,statement,t0,transactions[].balance,money,45362.73,45362.73,0.998,0.998,True,0.998
generated,statement_02,statement,t1,bank_name,text,Caldera Savings & Trust,Caldera Savings & Trust,0.998,0.998,True,0.998
generated,statement_02,statement,t1,account_holder,text,Pellham & Rowe Associates,Pellham & Rowe Associates,0.997,0.997,True,0.997
generated,statement_02,statement,t1,account_number,id,93-17708-299,93-17708-299,0.997,0.997,True,0.997
generated,statement_02,statement,t1,currency,code,USD,USD,0.998,0.998,True,0.998
generated,statement_02,statement,t1,statement_period_start,date,2026-01-01,2026-01-01,0.94,0.996,True,0.94
generated,statement_02,statement,t1,statement_period_end,date,2026-01-31,2026-01-31,0.94,0.996,True,0.94
generated,statement_02,statement,t1,opening_balance,money,57883.54,57883.54,0.997,0.997,True,0.997
generated,statement_02,statement,t1,closing_balance,money,45362.73,45362.73,0.997,0.997,True,0.997
generated,statement_02,statement,t1,transactions[].date,date,2026-01-02,2026-01-02,0.995,0.995,True,0.995
generated,statement_02,statement,t1,transactions[].description,text,SALARY PAYMENT RUN 08,SALARY PAYMENT RUN 08,0.997,0.997,True,0.997
generated,statement_02,statement,t1,transactions[].amount,money,-22007.23,-22007.23,0.997,0.997,True,0.997
generated,statement_02,statement,t1,transactions[].balance,money,35876.31,35876.31,0.997,0.997,True,0.997
generated,statement_02,statement,t1,transactions[].date,date,2026-01-23,2026-01-23,0.995,0.995,True,0.995
generated,statement_02,statement,t1,transactions[].description,text,CARD PURCHASE 4412 STAPLES,CARD PURCHASE 4412 STAPLES,0.997,0.997,True,0.997
generated,statement_02,statement,t1,transactions[].amount,money,-167.54,-167.54,0.997,0.997,True,0.997
generated,statement_02,statement,t1,transactions[].balance,money,35708.77,35708.77,0.997,0.997,True,0.997
generated,statement_02,statement,t1,transactions[].date,date,2026-01-23,2026-01-23,0.995,0.995,True,0.995
generated,statement_02,statement,t1,transactions[].description,text,BACS CREDIT MERIDIAN PRINT,BACS CREDIT MERIDIAN PRINT,0.996,0.996,True,0.996
generated,statement_02,statement,t1,transactions[].amount,money,6230.10,6230.10,0.997,0.997,True,0.997
generated,statement_02,statement,t1,transactions[].balance,money,41938.87,41938.87,0.997,0.997,True,0.997
generated,statement_02,statement,t1,transactions[].date,date,2026-01-27,2026-01-27,0.995,0.995,True,0.995
generated,statement_02,statement,t1,transactions[].description,text,DIRECT DEBIT BRITISH GAS,DIRECT DEBIT BRITISH GAS,0.997,0.997,True,0.997
generated,statement_02,statement,t1,transactions[].amount,money,-515.53,-515.53,0.997,0.997,True,0.997
generated,statement_02,statement,t1,transactions[].balance,money,41423.34,41423.34,0.997,0.997,True,0.997
generated,statement_02,statement,t1,transactions[].date,date,2026-01-28,2026-01-28,0.995,0.995,True,0.995
generated,statement_02,statement,t1,transactions[].description,text,CARD PURCHASE 4412 UBER,CARD PURCHASE 4412 UBER,0.997,0.997,True,0.997
generated,statement_02,statement,t1,transactions[].amount,money,-38.91,-38.91,0.997,0.997,True,0.997
generated,statement_02,statement,t1,transactions[].balance,money,41384.43,41384.43,0.997,0.997,True,0.997
generated,statement_02,statement,t1,transactions[].date,date,2026-01-30,2026-01-30,0.995,0.995,True,0.995
generated,statement_02,statement,t1,transactions[].description,text,TRANSFER IN REF INV-2291,TRANSFER IN REF INV-2291,0.996,0.996,True,0.996
generated,statement_02,statement,t1,transactions[].amount,money,3978.30,3978.30,0.997,0.997,True,0.997
generated,statement_02,statement,t1,transactions[].balance,money,45362.73,45362.73,0.997,0.997,True,0.997
generated,statement_02,statement,t2,bank_name,text,Caldera Savings & Trust,Caldera Savings & Trust,0.98,0.98,True,0.98
generated,statement_02,statement,t2,account_holder,text,Pelham & Rowe Associates,Pellham & Rowe Associates,0.82,0.84,False,0.82
generated,statement_02,statement,t2,account_number,id,93-17708-299,93-17708-299,0.62,0.62,True,0.62
generated,statement_02,statement,t2,currency,code,USD,USD,0.88,0.95,True,0.88
generated,statement_02,statement,t2,statement_period_start,date,2026-01-01,2026-01-01,0.76,0.9,True,0.76
generated,statement_02,statement,t2,statement_period_end,date,2026-01-31,2026-01-31,0.76,0.9,True,0.76
generated,statement_02,statement,t2,opening_balance,money,57883.54,57883.54,0.72,0.9,True,0.72
generated,statement_02,statement,t2,closing_balance,money,45362.73,45362.73,0.72,0.9,True,0.72
generated,statement_02,statement,t2,transactions[].date,date,2026-01-02,2026-01-02,0.58,0.78,True,0.58
generated,statement_02,statement,t2,transactions[].description,text,SALARY PAYMENT RUN 08,SALARY PAYMENT RUN 08,0.84,0.9,True,0.84
generated,statement_02,statement,t2,transactions[].amount,money,-22007.23,-22007.23,0.54,0.72,True,0.54
generated,statement_02,statement,t2,transactions[].balance,money,35876.31,35876.31,0.54,0.72,True,0.54
generated,statement_02,statement,t2,transactions[].date,date,2026-01-23,2026-01-23,0.55,0.76,True,0.55
generated,statement_02,statement,t2,transactions[].description,text,CARD PURCHASE 4412 STAPLES,CARD PURCHASE 4412 STAPLES,0.82,0.88,True,0.82
generated,statement_02,statement,t2,transactions[].amount,money,-167.54,-167.54,0.5,0.7,True,0.5
generated,statement_02,statement,t2,transactions[].balance,money,35708.77,35708.77,0.5,0.7,True,0.5
generated,statement_02,statement,t2,transactions[].date,date,2026-01-25,2026-01-23,0.55,0.76,False,0.55
generated,statement_02,statement,t2,transactions[].description,text,BACS CREDIT MERIDIAN PRINT,BACS CREDIT MERIDIAN PRINT,0.82,0.88,True,0.82
generated,statement_02,statement,t2,transactions[].amount,money,6230.10,6230.10,0.5,0.7,True,0.5
generated,statement_02,statement,t2,transactions[].balance,money,41938.87,41938.87,0.5,0.7,True,0.5
generated,statement_02,statement,t2,transactions[].date,date,2026-01-27,2026-01-27,0.55,0.76,True,0.55
generated,statement_02,statement,t2,transactions[].description,text,DIRECT DEBIT BRITISH GAS,DIRECT DEBIT BRITISH GAS,0.78,0.86,True,0.78
generated,statement_02,statement,t2,transactions[].amount,money,-515.53,-515.53,0.48,0.68,True,0.48
generated,statement_02,statement,t2,transactions[].balance,money,41423.34,41423.34,0.48,0.68,True,0.48
generated,statement_02,statement,t2,transactions[].date,date,2026-01-28,2026-01-28,0.55,0.76,True,0.55
generated,statement_02,statement,t2,transactions[].description,text,CARD PURCHASE 4412 UBER,CARD PURCHASE 4412 UBER,0.8,0.88,True,0.8
generated,statement_02,statement,t2,transactions[].amount,money,-38.91,-38.91,0.48,0.68,True,0.48
generated,statement_02,statement,t2,transactions[].balance,money,41384.43,41384.43,0.48,0.68,True,0.48
generated,statement_02,statement,t2,transactions[].date,date,2026-01-30,2026-01-30,0.55,0.76,True,0.55
generated,statement_02,statement,t2,transactions[].description,text,TRANSFER IN REF INV-2291,TRANSFER IN REF INV-2291,0.78,0.86,True,0.78
generated,statement_02,statement,t2,transactions[].amount,money,3978.30,3978.30,0.48,0.68,True,0.48
generated,statement_02,statement,t2,transactions[].balance,money,45362.73,45362.73,0.72,0.9,True,0.72
generated,statement_02,statement,t3,bank_name,text,Caldera Savings & Trust,Caldera Savings & Trust,0.98,0.98,True,0.98
generated,statement_02,statement,t3,account_holder,text,Pelham & Rowe Associates,Pellham & Rowe Associates,0.95,0.95,False,0.95
generated,statement_02,statement,t3,account_number,id,86-17708 299,93-17708-299,0.55,0.55,False,0.55
generated,statement_02,statement,t3,currency,code,USD,USD,0.72,0.72,True,0.72
generated,statement_02,statement,t3,statement_period_start,date,2026-01-01,2026-01-01,0.68,0.68,True,0.68
generated,statement_02,statement,t3,statement_period_end,date,2026-01-31,2026-01-31,0.68,0.68,True,0.68
generated,statement_02,statement,t3,opening_balance,money,557963.54,57883.54,0.88,0.88,False,0.88
generated,statement_02,statement,t3,closing_balance,money,545362.75,45362.73,0.92,0.92,False,0.92
generated,statement_02,statement,t3,transactions[].date,date,2026-01-20,2026-01-02,0.9,0.9,False,0.9
generated,statement_02,statement,t3,transactions[].description,text,SALARY PAYMENT RUN 06,SALARY PAYMENT RUN 08,0.94,0.94,False,0.94
generated,statement_02,statement,t3,transactions[].amount,money,-22087.23,-22007.23,0.78,0.78,False,0.78
generated,statement_02,statement,t3,transactions[].balance,money,535876.31,35876.31,0.86,0.86,False,0.86
generated,statement_02,statement,t3,transactions[].date,date,2026-01-23,2026-01-23,0.82,0.82,True,0.82
generated,statement_02,statement,t3,transactions[].description,text,CARD PURCHASE 4412 STAPLES,CARD PURCHASE 4412 STAPLES,0.92,0.92,True,0.92
generated,statement_02,statement,t3,transactions[].amount,money,-167.54,-167.54,0.62,0.62,True,0.62
generated,statement_02,statement,t3,transactions[].balance,money,535708.77,35708.77,0.84,0.84,False,0.84
generated,statement_02,statement,t3,transactions[].date,date,2026-01-25,2026-01-23,0.8,0.8,False,0.8
generated,statement_02,statement,t3,transactions[].description,text,BACS CREDIT MERIDIAN PRINT,BACS CREDIT MERIDIAN PRINT,0.88,0.88,True,0.88
generated,statement_02,statement,t3,transactions[].amount,money,6230.10,6230.10,0.58,0.58,True,0.58
generated,statement_02,statement,t3,transactions[].balance,money,541938.87,41938.87,0.32,0.32,False,0.32
generated,statement_02,statement,t3,transactions[].date,date,2026-01-27,2026-01-27,0.78,0.78,True,0.78
generated,statement_02,statement,t3,transactions[].description,text,DIRECT DEBIT BRITISH GAS,DIRECT DEBIT BRITISH GAS,0.9,0.9,True,0.9
generated,statement_02,statement,t3,transactions[].amount,money,-535.53,-515.53,0.42,0.42,False,0.42
generated,statement_02,statement,t3,transactions[].balance,money,541403.34,41423.34,0.72,0.72,False,0.72
generated,statement_02,statement,t3,transactions[].date,date,2026-01-28,2026-01-28,0.76,0.76,True,0.76
generated,statement_02,statement,t3,transactions[].description,text,CARD PURCHASE 4412 UBER,CARD PURCHASE 4412 UBER,0.9,0.9,True,0.9
generated,statement_02,statement,t3,transactions[].amount,money,-18.92,-38.91,0.38,0.38,False,0.38
generated,statement_02,statement,t3,transactions[].balance,money,541384.42,41384.43,0.3,0.3,False,0.3
generated,statement_02,statement,t3,transactions[].date,date,2026-01-30,2026-01-30,0.72,0.72,True,0.72
generated,statement_02,statement,t3,transactions[].description,text,TRANSFER IN REF INV 2291,TRANSFER IN REF INV-2291,0.86,0.86,False,0.86
generated,statement_02,statement,t3,transactions[].amount,money,3978.33,3978.30,0.34,0.34,False,0.34
generated,statement_02,statement,t3,transactions[].balance,money,545362.75,45362.73,0.92,0.92,False,0.92
generated,statement_03,statement,t0,bank_name,text,Ostsee Handelsbank AG,Ostsee Handelsbank AG,0.998,0.998,True,0.998
generated,statement_03,statement,t0,account_holder,text,Cobalt Ridge Holdings,Cobalt Ridge Holdings,0.998,0.998,True,0.998
generated,statement_03,statement,t0,account_number,id,95-22261-333,95-22261-333,0.998,0.998,True,0.998
generated,statement_03,statement,t0,currency,code,EUR,EUR,0.998,0.998,True,0.998
generated,statement_03,statement,t0,statement_period_start,date,2026-05-01,2026-05-01,0.78,0.97,True,0.78
generated,statement_03,statement,t0,statement_period_end,date,2026-05-31,2026-05-31,0.78,0.97,True,0.78
generated,statement_03,statement,t0,opening_balance,money,34527.09,34527.09,0.998,0.998,True,0.998
generated,statement_03,statement,t0,closing_balance,money,30601.23,30601.23,0.998,0.998,True,0.998
generated,statement_03,statement,t0,transactions[].date,date,2026-05-08,2026-05-08,0.92,0.97,True,0.92
generated,statement_03,statement,t0,transactions[].description,text,TRANSFER IN REF INV-2291,TRANSFER IN REF INV-2291,0.998,0.998,True,0.998
generated,statement_03,statement,t0,transactions[].amount,money,10481.14,10481.14,0.97,0.97,True,0.97
generated,statement_03,statement,t0,transactions[].balance,money,45008.23,45008.23,0.97,0.97,True,0.97
generated,statement_03,statement,t0,transactions[].date,date,2026-05-14,2026-05-14,0.92,0.97,True,0.92
generated,statement_03,statement,t0,transactions[].description,text,STANDING ORDER OFFICE RENT,STANDING ORDER OFFICE RENT,0.998,0.998,True,0.998
generated,statement_03,statement,t0,transactions[].amount,money,-1861.09,-1861.09,0.97,0.97,True,0.97
generated,statement_03,statement,t0,transactions[].balance,money,43147.14,43147.14,0.97,0.97,True,0.97
generated,statement_03,statement,t0,transactions[].date,date,2026-05-20,2026-05-20,0.92,0.97,True,0.92
generated,statement_03,statement,t0,transactions[].description,text,FEE MONTHLY ACCOUNT CHARGE,FEE MONTHLY ACCOUNT CHARGE,0.998,0.998,True,0.998
generated,statement_03,statement,t0,transactions[].amount,money,-36.07,-36.07,0.97,0.97,True,0.97
generated,statement_03,statement,t0,transactions[].balance,money,43111.07,43111.07,0.97,0.97,True,0.97
generated,statement_03,statement,t0,transactions[].date,date,2026-05-22,2026-05-22,0.92,0.97,True,0.92
generated,statement_03,statement,t0,transactions[].description,text,DIRECT DEBIT BRITISH GAS,DIRECT DEBIT BRITISH GAS,0.998,0.998,True,0.998
generated,statement_03,statement,t0,transactions[].amount,money,-528.79,-528.79,0.97,0.97,True,0.97
generated,statement_03,statement,t0,transactions[].balance,money,42582.28,42582.28,0.97,0.97,True,0.97
generated,statement_03,statement,t0,transactions[].date,date,2026-05-29,2026-05-29,0.92,0.97,True,0.92
generated,statement_03,statement,t0,transactions[].description,text,SALARY PAYMENT RUN 08,SALARY PAYMENT RUN 08,0.998,0.998,True,0.998
generated,statement_03,statement,t0,transactions[].amount,money,-11957.00,-11957.00,0.97,0.97,True,0.97
generated,statement_03,statement,t0,transactions[].balance,money,30625.28,30625.28,0.97,0.97,True,0.97
generated,statement_03,statement,t0,transactions[].date,date,2026-05-31,2026-05-31,0.92,0.97,True,0.92
generated,statement_03,statement,t0,transactions[].description,text,CARD PURCHASE 4412 UBER,CARD PURCHASE 4412 UBER,0.998,0.998,True,0.998
generated,statement_03,statement,t0,transactions[].amount,money,-24.05,-24.05,0.97,0.97,True,0.97
generated,statement_03,statement,t0,transactions[].balance,money,30601.23,30601.23,0.998,0.998,True,0.998
generated,statement_03,statement,t1,bank_name,text,Ostsee Handelsbank AG,Ostsee Handelsbank AG,0.998,0.998,True,0.998
generated,statement_03,statement,t1,account_holder,text,Cobalt Ridge Holdings,Cobalt Ridge Holdings,0.998,0.998,True,0.998
generated,statement_03,statement,t1,account_number,id,95-22261-333,95-22261-333,0.998,0.998,True,0.998
generated,statement_03,statement,t1,currency,code,EUR,EUR,0.998,0.998,True,0.998
generated,statement_03,statement,t1,statement_period_start,date,2026-05-01,2026-05-01,0.78,0.97,True,0.78
generated,statement_03,statement,t1,statement_period_end,date,2026-05-31,2026-05-31,0.78,0.97,True,0.78
generated,statement_03,statement,t1,opening_balance,money,34527.09,34527.09,0.97,0.998,True,0.97
generated,statement_03,statement,t1,closing_balance,money,30601.23,30601.23,0.998,0.998,True,0.998
generated,statement_03,statement,t1,transactions[].date,date,2026-05-08,2026-05-08,0.97,0.998,True,0.97
generated,statement_03,statement,t1,transactions[].description,text,TRANSFER IN REF INV-2291,TRANSFER IN REF INV-2291,0.998,0.998,True,0.998
generated,statement_03,statement,t1,transactions[].amount,money,10481.14,10481.14,0.97,0.998,True,0.97
generated,statement_03,statement,t1,transactions[].balance,money,45008.23,45008.23,0.97,0.998,True,0.97
generated,statement_03,statement,t1,transactions[].date,date,2026-05-14,2026-05-14,0.97,0.998,True,0.97
generated,statement_03,statement,t1,transactions[].description,text,STANDING ORDER OFFICE RENT,STANDING ORDER OFFICE RENT,0.998,0.998,True,0.998
generated,statement_03,statement,t1,transactions[].amount,money,-1861.09,-1861.09,0.97,0.998,True,0.97
generated,statement_03,statement,t1,transactions[].balance,money,43147.14,43147.14,0.97,0.998,True,0.97
generated,statement_03,statement,t1,transactions[].date,date,2026-05-20,2026-05-20,0.97,0.998,True,0.97
generated,statement_03,statement,t1,transactions[].description,text,FEE MONTHLY ACCOUNT CHARGE,FEE MONTHLY ACCOUNT CHARGE,0.998,0.998,True,0.998
generated,statement_03,statement,t1,transactions[].amount,money,-36.07,-36.07,0.97,0.998,True,0.97
generated,statement_03,statement,t1,transactions[].balance,money,43111.07,43111.07,0.97,0.998,True,0.97
generated,statement_03,statement,t1,transactions[].date,date,2026-05-22,2026-05-22,0.97,0.998,True,0.97
generated,statement_03,statement,t1,transactions[].description,text,DIRECT DEBIT BRITISH GAS,DIRECT DEBIT BRITISH GAS,0.998,0.998,True,0.998
generated,statement_03,statement,t1,transactions[].amount,money,-528.79,-528.79,0.97,0.998,True,0.97
generated,statement_03,statement,t1,transactions[].balance,money,42582.28,42582.28,0.97,0.998,True,0.97
generated,statement_03,statement,t1,transactions[].date,date,2026-05-29,2026-05-29,0.97,0.998,True,0.97
generated,statement_03,statement,t1,transactions[].description,text,SALARY PAYMENT RUN 08,SALARY PAYMENT RUN 08,0.998,0.998,True,0.998
generated,statement_03,statement,t1,transactions[].amount,money,-11957.00,-11957.00,0.97,0.998,True,0.97
generated,statement_03,statement,t1,transactions[].balance,money,30625.28,30625.28,0.97,0.998,True,0.97
generated,statement_03,statement,t1,transactions[].date,date,2026-05-31,2026-05-31,0.97,0.998,True,0.97
generated,statement_03,statement,t1,transactions[].description,text,CARD PURCHASE 4412 UBER,CARD PURCHASE 4412 UBER,0.998,0.998,True,0.998
generated,statement_03,statement,t1,transactions[].amount,money,-24.05,-24.05,0.97,0.998,True,0.97
generated,statement_03,statement,t1,transactions[].balance,money,30601.23,30601.23,0.998,0.998,True,0.998
generated,statement_03,statement,t2,bank_name,text,Ostsee Handelsbank AG,Ostsee Handelsbank AG,0.98,0.98,True,0.98
generated,statement_03,statement,t2,account_holder,text,Cobalt Ridge Holdings,Cobalt Ridge Holdings,0.95,0.95,True,0.95
generated,statement_03,statement,t2,account_number,id,95-22261-333,95-22261-333,0.7,0.7,True,0.7
generated,statement_03,statement,t2,currency,code,EUR,EUR,0.92,0.96,True,0.92
generated,statement_03,statement,t2,statement_period_start,date,2026-05-01,2026-05-01,0.88,0.93,True,0.88
generated,statement_03,statement,t2,statement_period_end,date,2026-05-31,2026-05-31,0.88,0.93,True,0.88
generated,statement_03,statement,t2,opening_balance,money,34527.09,34527.09,0.86,0.92,True,0.86
generated,statement_03,statement,t2,closing_balance,money,30601.23,30601.23,0.9,0.95,True,0.9
generated,statement_03,statement,t2,transactions[].date,date,2026-05-08,2026-05-08,0.83,0.9,True,0.83
generated,statement_03,statement,t2,transactions[].description,text,TRANSFER IN REF INV-2291,TRANSFER IN REF INV-2291,0.91,0.95,True,0.91
generated,statement_03,statement,t2,transactions[].amount,money,10481.14,10481.14,0.83,0.9,True,0.83
generated,statement_03,statement,t2,transactions[].balance,money,45008.23,45008.23,0.82,0.89,True,0.82
generated,statement_03,statement,t2,transactions[].date,date,2026-05-14,2026-05-14,0.8,0.88,True,0.8
generated,statement_03,statement,t2,transactions[].description,text,STANDING ORDER OFFICE RENT,STANDING ORDER OFFICE RENT,0.92,0.95,True,0.92
generated,statement_03,statement,t2,transactions[].amount,money,-1861.09,-1861.09,0.8,0.88,True,0.8
generated,statement_03,statement,t2,transactions[].balance,money,43147.14,43147.14,0.79,0.87,True,0.79
generated,statement_03,statement,t2,transactions[].date,date,2026-05-20,2026-05-20,0.79,0.87,True,0.79
generated,statement_03,statement,t2,transactions[].description,text,FEE MONTHLY ACCOUNT CHARGE,FEE MONTHLY ACCOUNT CHARGE,0.91,0.95,True,0.91
generated,statement_03,statement,t2,transactions[].amount,money,-36.07,-36.07,0.76,0.84,True,0.76
generated,statement_03,statement,t2,transactions[].balance,money,43111.07,43111.07,0.76,0.84,True,0.76
generated,statement_03,statement,t2,transactions[].date,date,2026-05-22,2026-05-22,0.78,0.86,True,0.78
generated,statement_03,statement,t2,transactions[].description,text,DIRECT DEBIT BRITISH GAS,DIRECT DEBIT BRITISH GAS,0.9,0.94,True,0.9
generated,statement_03,statement,t2,transactions[].amount,money,-528.79,-528.79,0.72,0.82,True,0.72
generated,statement_03,statement,t2,transactions[].balance,money,42582.28,42582.28,0.74,0.83,True,0.74
generated,statement_03,statement,t2,transactions[].date,date,2026-05-29,2026-05-29,0.78,0.86,True,0.78
generated,statement_03,statement,t2,transactions[].description,text,SALARY PAYMENT RUN 05,SALARY PAYMENT RUN 08,0.9,0.94,False,0.9
generated,statement_03,statement,t2,transactions[].amount,money,-11957.00,-11957.00,0.7,0.8,True,0.7
generated,statement_03,statement,t2,transactions[].balance,money,30625.28,30625.28,0.72,0.82,True,0.72
generated,statement_03,statement,t2,transactions[].date,date,2026-05-31,2026-05-31,0.78,0.86,True,0.78
generated,statement_03,statement,t2,transactions[].description,text,CARD PURCHASE 4412 UBER,CARD PURCHASE 4412 UBER,0.9,0.94,True,0.9
generated,statement_03,statement,t2,transactions[].amount,money,-24.05,-24.05,0.72,0.82,True,0.72
generated,statement_03,statement,t2,transactions[].balance,money,30601.23,30601.23,0.9,0.95,True,0.9
generated,statement_03,statement,t3,bank_name,text,Ostsee Handelsbank AG,Ostsee Handelsbank AG,0.98,0.98,True,0.98
generated,statement_03,statement,t3,account_holder,text,Cobalt Ridge Holdings,Cobalt Ridge Holdings,0.86,0.86,True,0.86
generated,statement_03,statement,t3,account_number,id,96-22241-332,95-22261-333,0.62,0.62,False,0.62
generated,statement_03,statement,t3,currency,code,EUR,EUR,0.82,0.83,True,0.82
generated,statement_03,statement,t3,statement_period_start,date,2026-05-01,2026-05-01,0.72,0.74,True,0.72
generated,statement_03,statement,t3,statement_period_end,date,2026-05-31,2026-05-31,0.72,0.74,True,0.72
generated,statement_03,statement,t3,opening_balance,money,434527.00,34527.09,0.76,0.78,False,0.76
generated,statement_03,statement,t3,closing_balance,money,430601.35,30601.23,0.73,0.75,False,0.73
generated,statement_03,statement,t3,transactions[].date,date,2026-05-08,2026-05-08,0.78,0.79,True,0.78
generated,statement_03,statement,t3,transactions[].description,text,TRANSFER IN REF INV-2291,TRANSFER IN REF INV-2291,0.72,0.74,True,0.72
generated,statement_03,statement,t3,transactions[].amount,money,10481.23,10481.14,0.58,0.6,False,0.58
generated,statement_03,statement,t3,transactions[].balance,money,445008.23,45008.23,0.6,0.62,False,0.6
generated,statement_03,statement,t3,transactions[].date,date,2026-05-14,2026-05-14,0.76,0.78,True,0.76
generated,statement_03,statement,t3,transactions[].description,text,STANDING ORDER OFFICE RENT,STANDING ORDER OFFICE RENT,0.7,0.72,True,0.7
generated,statement_03,statement,t3,transactions[].amount,money,-1861.09,-1861.09,0.54,0.56,True,0.54
generated,statement_03,statement,t3,transactions[].balance,money,443147.14,43147.14,0.56,0.58,False,0.56
generated,statement_03,statement,t3,transactions[].date,date,2026-05-20,2026-05-20,0.74,0.76,True,0.74
generated,statement_03,statement,t3,transactions[].description,text,FEE MONTHLY ACCOUNT CHARGE,FEE MONTHLY ACCOUNT CHARGE,0.68,0.7,True,0.68
generated,statement_03,statement,t3,transactions[].amount,money,-36.07,-36.07,0.42,0.44,True,0.42
generated,statement_03,statement,t3,transactions[].balance,money,443111.07,43111.07,0.52,0.54,False,0.52
generated,statement_03,statement,t3,transactions[].date,date,2026-05-22,2026-05-22,0.72,0.74,True,0.72
generated,statement_03,statement,t3,transactions[].description,text,DIRECT DEBIT BRITISH GAS,DIRECT DEBIT BRITISH GAS,0.66,0.68,True,0.66
generated,statement_03,statement,t3,transactions[].amount,money,-610.79,-528.79,0.38,0.4,False,0.38
generated,statement_03,statement,t3,transactions[].balance,money,442500.28,42582.28,0.48,0.5,False,0.48
generated,statement_03,statement,t3,transactions[].date,date,2026-05-28,2026-05-29,0.7,0.72,False,0.7
generated,statement_03,statement,t3,transactions[].description,text,SALARY PAYMENT RUN 05,SALARY PAYMENT RUN 08,0.63,0.65,False,0.63
generated,statement_03,statement,t3,transactions[].amount,money,-11874.89,-11957.00,0.35,0.37,False,0.35
generated,statement_03,statement,t3,transactions[].balance,money,430625.39,30625.28,0.44,0.46,False,0.44
generated,statement_03,statement,t3,transactions[].date,date,2026-05-31,2026-05-31,0.68,0.7,True,0.68
generated,statement_03,statement,t3,transactions[].description,text,CARD PURCHASE 4412 UBER,CARD PURCHASE 4412 UBER,0.6,0.62,True,0.6
generated,statement_03,statement,t3,transactions[].amount,money,-24.04,-24.05,0.32,0.34,False,0.32
generated,statement_03,statement,t3,transactions[].balance,money,430601.35,30601.23,0.5,0.52,False,0.5
generated,statement_04,statement,t0,bank_name,text,Northbank Commercial,Northbank Commercial,0.998,0.998,True,0.998
generated,statement_04,statement,t0,account_holder,text,Northwind Capital LLC,Northwind Capital LLC,0.998,0.998,True,0.998
generated,statement_04,statement,t0,account_number,id,85-49504-184,85-49504-184,0.998,0.998,True,0.998
generated,statement_04,statement,t0,currency,code,GBP,GBP,0.998,0.998,True,0.998
generated,statement_04,statement,t0,statement_period_start,date,2026-07-01,2026-07-01,0.97,0.97,True,0.97
generated,statement_04,statement,t0,statement_period_end,date,2026-07-31,2026-07-31,0.97,0.97,True,0.97
generated,statement_04,statement,t0,opening_balance,money,67434.51,67434.51,0.998,0.998,True,0.998
generated,statement_04,statement,t0,closing_balance,money,48130.80,48130.80,0.998,0.998,True,0.998
generated,statement_04,statement,t0,transactions[].date,date,2026-07-03,2026-07-03,0.97,0.97,True,0.97
generated,statement_04,statement,t0,transactions[].description,text,CARD PURCHASE 4412 STAPLES,CARD PURCHASE 4412 STAPLES,0.998,0.998,True,0.998
generated,statement_04,statement,t0,transactions[].amount,money,-116.30,-116.30,0.998,0.998,True,0.998
generated,statement_04,statement,t0,transactions[].balance,money,67318.21,67318.21,0.998,0.998,True,0.998
generated,statement_04,statement,t0,transactions[].date,date,2026-07-05,2026-07-05,0.97,0.97,True,0.97
generated,statement_04,statement,t0,transactions[].description,text,BACS CREDIT MERIDIAN PRINT,BACS CREDIT MERIDIAN PRINT,0.998,0.998,True,0.998
generated,statement_04,statement,t0,transactions[].amount,money,1253.15,1253.15,0.998,0.998,True,0.998
generated,statement_04,statement,t0,transactions[].balance,money,68571.36,68571.36,0.998,0.998,True,0.998
generated,statement_04,statement,t0,transactions[].date,date,2026-07-06,2026-07-06,0.97,0.97,True,0.97
generated,statement_04,statement,t0,transactions[].description,text,STANDING ORDER OFFICE RENT,STANDING ORDER OFFICE RENT,0.998,0.998,True,0.998
generated,statement_04,statement,t0,transactions[].amount,money,-2419.01,-2419.01,0.998,0.998,True,0.998
generated,statement_04,statement,t0,transactions[].balance,money,66152.35,66152.35,0.998,0.998,True,0.998
generated,statement_04,statement,t0,transactions[].date,date,2026-07-07,2026-07-07,0.97,0.97,True,0.97
generated,statement_04,statement,t0,transactions[].description,text,CARD PURCHASE 4412 AMAZON,CARD PURCHASE 4412 AMAZON,0.998,0.998,True,0.998
generated,statement_04,statement,t0,transactions[].amount,money,-41.74,-41.74,0.998,0.998,True,0.998
generated,statement_04,statement,t0,transactions[].balance,money,66110.61,66110.61,0.998,0.998,True,0.998
generated,statement_04,statement,t0,transactions[].date,date,2026-07-09,2026-07-09,0.97,0.97,True,0.97
generated,statement_04,statement,t0,transactions[].description,text,CARD PURCHASE 4412 UBER,CARD PURCHASE 4412 UBER,0.998,0.998,True,0.998
generated,statement_04,statement,t0,transactions[].amount,money,-35.58,-35.58,0.998,0.998,True,0.998
generated,statement_04,statement,t0,transactions[].balance,money,66075.03,66075.03,0.998,0.998,True,0.998
generated,statement_04,statement,t0,transactions[].date,date,2026-07-13,2026-07-13,0.97,0.97,True,0.97
generated,statement_04,statement,t0,transactions[].description,text,FEE MONTHLY ACCOUNT CHARGE,FEE MONTHLY ACCOUNT CHARGE,0.998,0.998,True,0.998
generated,statement_04,statement,t0,transactions[].amount,money,-16.63,-16.63,0.998,0.998,True,0.998
generated,statement_04,statement,t0,transactions[].balance,money,66058.40,66058.40,0.998,0.998,True,0.998
generated,statement_04,statement,t0,transactions[].date,date,2026-07-21,2026-07-21,0.97,0.97,True,0.97
generated,statement_04,statement,t0,transactions[].description,text,SALARY PAYMENT RUN 08,SALARY PAYMENT RUN 08,0.998,0.998,True,0.998
generated,statement_04,statement,t0,transactions[].amount,money,-17927.60,-17927.60,0.998,0.998,True,0.998
generated,statement_04,statement,t0,transactions[].balance,money,48130.80,48130.80,0.998,0.998,True,0.998
generated,statement_04,statement,t1,bank_name,text,Northbank Commercial,Northbank Commercial,0.998,0.998,True,0.998
generated,statement_04,statement,t1,account_holder,text,Northwind Capital LLC,Northwind Capital LLC,0.998,0.998,True,0.998
generated,statement_04,statement,t1,account_number,id,85-49504-184,85-49504-184,0.998,0.998,True,0.998
generated,statement_04,statement,t1,currency,code,GBP,GBP,0.998,0.998,True,0.998
generated,statement_04,statement,t1,statement_period_start,date,2026-07-01,2026-07-01,0.96,0.992,True,0.96
generated,statement_04,statement,t1,statement_period_end,date,2026-07-31,2026-07-31,0.96,0.992,True,0.96
generated,statement_04,statement,t1,opening_balance,money,67434.51,67434.51,0.997,0.997,True,0.997
generated,statement_04,statement,t1,closing_balance,money,48130.80,48130.80,0.997,0.997,True,0.997
generated,statement_04,statement,t1,transactions[].date,date,2026-07-03,2026-07-03,0.996,0.996,True,0.996
generated,statement_04,statement,t1,transactions[].description,text,CARD PURCHASE 4412 STAPLES,CARD PURCHASE 4412 STAPLES,0.997,0.997,True,0.997
generated,statement_04,statement,t1,transactions[].amount,money,-116.30,-116.30,0.996,0.996,True,0.996
generated,statement_04,statement,t1,transactions[].balance,money,67318.21,67318.21,0.996,0.996,True,0.996
generated,statement_04,statement,t1,transactions[].date,date,2026-07-05,2026-07-05,0.996,0.996,True,0.996
generated,statement_04,statement,t1,transactions[].description,text,BACS CREDIT MERIDIAN PRINT,BACS CREDIT MERIDIAN PRINT,0.997,0.997,True,0.997
generated,statement_04,statement,t1,transactions[].amount,money,1253.15,1253.15,0.996,0.996,True,0.996
generated,statement_04,statement,t1,transactions[].balance,money,68571.36,68571.36,0.996,0.996,True,0.996
generated,statement_04,statement,t1,transactions[].date,date,2026-07-06,2026-07-06,0.996,0.996,True,0.996
generated,statement_04,statement,t1,transactions[].description,text,STANDING ORDER OFFICE RENT,STANDING ORDER OFFICE RENT,0.997,0.997,True,0.997
generated,statement_04,statement,t1,transactions[].amount,money,-2419.01,-2419.01,0.996,0.996,True,0.996
generated,statement_04,statement,t1,transactions[].balance,money,66152.35,66152.35,0.996,0.996,True,0.996
generated,statement_04,statement,t1,transactions[].date,date,2026-07-07,2026-07-07,0.996,0.996,True,0.996
generated,statement_04,statement,t1,transactions[].description,text,CARD PURCHASE 4412 AMAZON,CARD PURCHASE 4412 AMAZON,0.997,0.997,True,0.997
generated,statement_04,statement,t1,transactions[].amount,money,-41.74,-41.74,0.996,0.996,True,0.996
generated,statement_04,statement,t1,transactions[].balance,money,66110.61,66110.61,0.996,0.996,True,0.996
generated,statement_04,statement,t1,transactions[].date,date,2026-07-09,2026-07-09,0.996,0.996,True,0.996
generated,statement_04,statement,t1,transactions[].description,text,CARD PURCHASE 4412 UBER,CARD PURCHASE 4412 UBER,0.997,0.997,True,0.997
generated,statement_04,statement,t1,transactions[].amount,money,-35.58,-35.58,0.996,0.996,True,0.996
generated,statement_04,statement,t1,transactions[].balance,money,66075.03,66075.03,0.996,0.996,True,0.996
generated,statement_04,statement,t1,transactions[].date,date,2026-07-13,2026-07-13,0.996,0.996,True,0.996
generated,statement_04,statement,t1,transactions[].description,text,FEE MONTHLY ACCOUNT CHARGE,FEE MONTHLY ACCOUNT CHARGE,0.997,0.997,True,0.997
generated,statement_04,statement,t1,transactions[].amount,money,-16.63,-16.63,0.996,0.996,True,0.996
generated,statement_04,statement,t1,transactions[].balance,money,66058.40,66058.40,0.996,0.996,True,0.996
generated,statement_04,statement,t1,transactions[].date,date,2026-07-21,2026-07-21,0.996,0.996,True,0.996
generated,statement_04,statement,t1,transactions[].description,text,SALARY PAYMENT RUN 08,SALARY PAYMENT RUN 08,0.997,0.997,True,0.997
generated,statement_04,statement,t1,transactions[].amount,money,-17927.60,-17927.60,0.996,0.996,True,0.996
generated,statement_04,statement,t1,transactions[].balance,money,48130.80,48130.80,0.997,0.997,True,0.997
generated,statement_04,statement,t2,bank_name,text,Northbank Commercial,Northbank Commercial,0.98,0.98,True,0.98
generated,statement_04,statement,t2,account_holder,text,Northwind Capital LLC,Northwind Capital LLC,0.94,0.94,True,0.94
generated,statement_04,statement,t2,account_number,id,85-49504-184,85-49504-184,0.62,0.62,True,0.62
generated,statement_04,statement,t2,currency,code,GBP,GBP,0.9,0.93,True,0.9
generated,statement_04,statement,t2,statement_period_start,date,2026-07-01,2026-07-01,0.72,0.76,True,0.72
generated,statement_04,statement,t2,statement_period_end,date,2026-07-31,2026-07-31,0.72,0.76,True,0.72
generated,statement_04,statement,t2,opening_balance,money,67434.51,67434.51,0.74,0.78,True,0.74
generated,statement_04,statement,t2,closing_balance,money,48130.80,48130.80,0.82,0.86,True,0.82
generated,statement_04,statement,t2,transactions[].date,date,2026-07-03,2026-07-03,0.68,0.72,True,0.68
generated,statement_04,statement,t2,transactions[].description,text,CARD PURCHASE 4412 STAPLES,CARD PURCHASE 4412 STAPLES,0.76,0.8,True,0.76
generated,statement_04,statement,t2,transactions[].amount,money,-116.30,-116.30,0.64,0.68,True,0.64
generated,statement_04,statement,t2,transactions[].balance,money,67318.21,67318.21,0.66,0.7,True,0.66
generated,statement_04,statement,t2,transactions[].date,date,2026-07-05,2026-07-05,0.6,0.66,True,0.6
generated,statement_04,statement,t2,transactions[].description,text,BACS CREDIT MERIDIAN PRINT,BACS CREDIT MERIDIAN PRINT,0.34,0.3,True,0.3
generated,statement_04,statement,t2,transactions[].amount,money,1253.15,1253.15,0.55,0.6,True,0.55
generated,statement_04,statement,t2,transactions[].balance,money,68571.36,68571.36,0.6,0.64,True,0.6
generated,statement_04,statement,t2,transactions[].date,date,2026-07-06,2026-07-06,0.58,0.64,True,0.58
generated,statement_04,statement,t2,transactions[].description,text,STANDING ORDER OFFICE RENT,STANDING ORDER OFFICE RENT,0.74,0.78,True,0.74
generated,statement_04,statement,t2,transactions[].amount,money,-2419.01,-2419.01,0.58,0.62,True,0.58
generated,statement_04,statement,t2,transactions[].balance,money,66152.35,66152.35,0.62,0.66,True,0.62
generated,statement_04,statement,t2,transactions[].date,date,2026-07-07,2026-07-07,0.58,0.62,True,0.58
generated,statement_04,statement,t2,transactions[].description,text,CARD PURCHASE 4412 AMAZON,CARD PURCHASE 4412 AMAZON,0.76,0.8,True,0.76
generated,statement_04,statement,t2,transactions[].amount,money,-41.74,-41.74,0.56,0.6,True,0.56
generated,statement_04,statement,t2,transactions[].balance,money,66110.61,66110.61,0.6,0.64,True,0.6
generated,statement_04,statement,t2,transactions[].date,date,2026-07-09,2026-07-09,0.56,0.6,True,0.56
generated,statement_04,statement,t2,transactions[].description,text,CARD PURCHASE 4412 UBER,CARD PURCHASE 4412 UBER,0.74,0.78,True,0.74
generated,statement_04,statement,t2,transactions[].amount,money,-35.58,-35.58,0.54,0.58,True,0.54
generated,statement_04,statement,t2,transactions[].balance,money,66075.03,66075.03,0.58,0.62,True,0.58
generated,statement_04,statement,t2,transactions[].date,date,2026-07-13,2026-07-13,0.56,0.6,True,0.56
generated,statement_04,statement,t2,transactions[].description,text,FEE MONTHLY ACCOUNT CHARGE,FEE MONTHLY ACCOUNT CHARGE,0.78,0.82,True,0.78
generated,statement_04,statement,t2,transactions[].amount,money,-16.63,-16.63,0.52,0.56,True,0.52
generated,statement_04,statement,t2,transactions[].balance,money,66058.40,66058.40,0.56,0.6,True,0.56
generated,statement_04,statement,t2,transactions[].date,date,2026-07-21,2026-07-21,0.56,0.6,True,0.56
generated,statement_04,statement,t2,transactions[].description,text,SALARY PAYMENT RUN 08,SALARY PAYMENT RUN 08,0.8,0.84,True,0.8
generated,statement_04,statement,t2,transactions[].amount,money,-17927.60,-17927.60,0.66,0.7,True,0.66
generated,statement_04,statement,t2,transactions[].balance,money,48130.80,48130.80,0.82,0.86,True,0.82
generated,statement_04,statement,t3,bank_name,text,Northbank Commercial,Northbank Commercial,0.97,0.98,True,0.97
generated,statement_04,statement,t3,account_holder,text,Northwind Capital LLC,Northwind Capital LLC,0.86,0.88,True,0.86
generated,statement_04,statement,t3,account_number,id,85-48504-164,85-49504-184,0.22,0.18,False,0.18
generated,statement_04,statement,t3,currency,code,GBP,GBP,0.83,0.9,True,0.83
generated,statement_04,statement,t3,statement_period_start,date,2026-07-01,2026-07-01,0.58,0.55,True,0.55
generated,statement_04,statement,t3,statement_period_end,date,2026-07-31,2026-07-31,0.58,0.55,True,0.55
generated,statement_04,statement,t3,opening_balance,money,87434.51,67434.51,0.3,0.22,False,0.22
generated,statement_04,statement,t3,closing_balance,money,48130.80,48130.80,0.9,0.93,True,0.9
generated,statement_04,statement,t3,transactions[].date,date,2026-07-03,2026-07-03,0.67,0.64,True,0.64
generated,statement_04,statement,t3,transactions[].description,text,CARD PURCHASE 4412 STAPLES,CARD PURCHASE 4412 STAPLES,0.83,0.88,True,0.83
generated,statement_04,statement,t3,transactions[].amount,money,-116.30,-116.30,0.82,0.9,True,0.82
generated,statement_04,statement,t3,transactions[].balance,money,87318.21,67318.21,0.73,0.78,False,0.73
generated,statement_04,statement,t3,transactions[].date,date,2026-07-05,2026-07-05,0.64,0.61,True,0.61
generated,statement_04,statement,t3,transactions[].description,text,BACS CREDIT MERIDIAN PRINT,BACS CREDIT MERIDIAN PRINT,0.77,0.82,True,0.77
generated,statement_04,statement,t3,transactions[].amount,money,1253.15,1253.15,0.48,0.42,True,0.42
generated,statement_04,statement,t3,transactions[].balance,money,88571.36,68571.36,0.44,0.4,False,0.4
generated,statement_04,statement,t3,transactions[].date,date,2026-07-06,2026-07-06,0.62,0.6,True,0.6
generated,statement_04,statement,t3,transactions[].description,text,STANDING ORDER OFFICE RENT,STANDING ORDER OFFICE RENT,0.74,0.8,True,0.74
generated,statement_04,statement,t3,transactions[].amount,money,-2419.00,-2419.01,0.2,0.15,False,0.15
generated,statement_04,statement,t3,transactions[].balance,money,86152.36,66152.35,0.18,0.14,False,0.14
generated,statement_04,statement,t3,transactions[].date,date,2026-07-07,2026-07-07,0.6,0.58,True,0.58
generated,statement_04,statement,t3,transactions[].description,text,CARD PURCHASE 4412 AMAZON,CARD PURCHASE 4412 AMAZON,0.8,0.86,True,0.8
generated,statement_04,statement,t3,transactions[].amount,money,-41.55,-41.74,0.18,0.14,False,0.14
generated,statement_04,statement,t3,transactions[].balance,money,86110.81,66110.61,0.16,0.12,False,0.12
generated,statement_04,statement,t3,transactions[].date,date,2026-07-08,2026-07-09,0.58,0.56,False,0.56
generated,statement_04,statement,t3,transactions[].description,text,CARD PURCHASE 4412 UBER,CARD PURCHASE 4412 UBER,0.77,0.83,True,0.77
generated,statement_04,statement,t3,transactions[].amount,money,-31.81,-35.58,0.16,0.12,False,0.12
generated,statement_04,statement,t3,transactions[].balance,money,86079.00,66075.03,0.14,0.1,False,0.1
generated,statement_04,statement,t3,transactions[].date,date,2026-07-13,2026-07-13,0.54,0.52,True,0.52
generated,statement_04,statement,t3,transactions[].description,text,FEE MONTHLY ACCOUNT CHARGE,FEE MONTHLY ACCOUNT CHARGE,0.68,0.74,True,0.68
generated,statement_04,statement,t3,transactions[].amount,money,-22.60,-16.63,0.12,0.09,False,0.09
generated,statement_04,statement,t3,transactions[].balance,money,86056.40,66058.40,0.12,0.09,False,0.09
generated,statement_04,statement,t3,transactions[].date,date,2026-07-21,2026-07-21,0.5,0.48,True,0.48
generated,statement_04,statement,t3,transactions[].description,text,SALARY PAYMENT RUN 06,SALARY PAYMENT RUN 08,0.72,0.79,False,0.72
generated,statement_04,statement,t3,transactions[].amount,money,-37925.60,-17927.60,0.22,0.18,False,0.18
generated,statement_04,statement,t3,transactions[].balance,money,48130.80,48130.80,0.9,0.93,True,0.9
cord,receipt_000,receipt,real,subtotal_price,money,60.000,60.000,0.96,0.95,True,0.95
cord,receipt_000,receipt,real,tax_price,money,5.455,5.455,0.97,0.97,True,0.97
cord,receipt_000,receipt,real,total_price,money,60.000,60.000,0.98,0.86,True,0.86
cord,receipt_000,receipt,real,credit_card_price,money,60.000,60.000,0.96,0.97,True,0.96
cord,receipt_000,receipt,real,line_items[].name,text,901016 -TICKET CP,-TICKET CP,0.95,0.95,False,0.95
cord,receipt_000,receipt,real,line_items[].quantity,number,2,2,0.93,0.88,True,0.88
cord,receipt_000,receipt,real,line_items[].price,money,60.000,60.000,0.96,0.72,True,0.72
cord,receipt_001,receipt,real,total_price,money,91000,91000,0.98,0.98,True,0.98
cord,receipt_001,receipt,real,cash_price,money,91000,91000,0.98,0.98,True,0.98
cord,receipt_001,receipt,real,line_items[].name,text,J.STB PROMO,J.STB PROMO,0.95,0.95,True,0.95
cord,receipt_001,receipt,real,line_items[].price,money,17500,17500,0.97,0.97,True,0.97
cord,receipt_001,receipt,real,line_items[].name,text,Y.B.BAT,Y.B.BAT,0.95,0.95,True,0.95
cord,receipt_001,receipt,real,line_items[].price,money,46000,46000,0.98,0.98,True,0.98
cord,receipt_001,receipt,real,line_items[].name,text,Y.BASO PROM,Y.BASO PROM,0.7,0.7,True,0.7
cord,receipt_001,receipt,real,line_items[].price,money,27500,27500,0.97,0.97,True,0.97
cord,receipt_002,receipt,real,subtotal_price,money,"28,000","28,000",0.97,0.98,True,0.97
cord,receipt_002,receipt,real,total_price,money,"28,000","28,000",0.97,0.98,True,0.97
cord,receipt_002,receipt,real,cash_price,money,"100,000","100,000",0.98,0.98,True,0.98
cord,receipt_002,receipt,real,change_price,money,"72,000","72,000",0.98,0.98,True,0.98
cord,receipt_002,receipt,real,line_items[].name,text,JASMINE MT ( L ),JASMINE MT ( L ),0.72,0.68,True,0.68
cord,receipt_002,receipt,real,line_items[].quantity,number,1,1,0.96,0.8,True,0.8
cord,receipt_002,receipt,real,line_items[].price,money,"24,000","24,000",0.97,0.95,True,0.95
cord,receipt_002,receipt,real,line_items[].name,text,COCONUT JELLY ( L ),COCONUT JELLY ( L ),0.78,0.78,True,0.78
cord,receipt_002,receipt,real,line_items[].price,money,"4,000","4,000",0.97,0.95,True,0.95
cord,receipt_003,receipt,real,subtotal_price,money,"11,000","11,000",0.98,0.98,True,0.98
cord,receipt_003,receipt,real,total_price,money,"11,000","11,000",0.98,0.98,True,0.98
cord,receipt_003,receipt,real,cash_price,money,"11,000","11,000",0.98,0.98,True,0.98
cord,receipt_003,receipt,real,line_items[].name,text,DONAT GULA,DONAT GULA,0.99,0.99,True,0.99
cord,receipt_003,receipt,real,line_items[].quantity,number,1,1X,0.98,0.98,True,0.98
cord,receipt_003,receipt,real,line_items[].unit_price,money,11000,@11000,0.97,0.96,True,0.96
cord,receipt_003,receipt,real,line_items[].price,money,"11,000","11,000",0.98,0.98,True,0.98
cord,receipt_004,receipt,real,subtotal_price,money,"194,000","194,000",0.96,0.97,True,0.96
cord,receipt_004,receipt,real,total_price,money,"174,600","174,600",0.96,0.97,True,0.96
cord,receipt_004,receipt,real,cash_price,money,"200,000","200,000",0.96,0.97,True,0.96
cord,receipt_004,receipt,real,change_price,money,"25,400","25,400",0.32,0.2,True,0.2
cord,receipt_004,receipt,real,line_items[].name,text,ICE BLACKCOFFE,ICE BLACKCOFFE,0.7,0.62,True,0.62
cord,receipt_004,receipt,real,line_items[].quantity,number,2,2,0.9,0.95,True,0.9
cord,receipt_004,receipt,real,line_items[].price,money,"82,000","82,000",0.94,0.95,True,0.94
cord,receipt_004,receipt,real,line_items[].name,text,AVOCADO COFFEE,AVOCADO COFFEE,0.95,0.96,True,0.95
cord,receipt_004,receipt,real,line_items[].quantity,number,1,1,0.94,0.96,True,0.94
cord,receipt_004,receipt,real,line_items[].price,money,"61,000","61,000",0.95,0.96,True,0.95
cord,receipt_004,receipt,real,line_items[].name,text,CHIKEN KATSU FF,CHIKEN KATSU FF,0.73,0.66,True,0.66
cord,receipt_004,receipt,real,line_items[].quantity,number,1,1,0.94,0.96,True,0.94
cord,receipt_004,receipt,real,line_items[].price,money,"51,000","51,000",0.93,0.95,True,0.93
cord,receipt_005,receipt,real,subtotal_price,money,28.182,28.182,0.99,0.99,True,0.99
cord,receipt_005,receipt,real,tax_price,money,2.818,2.818,0.99,0.98,True,0.98
cord,receipt_005,receipt,real,total_price,money,31.000,31.000,0.99,0.99,True,0.99
cord,receipt_005,receipt,real,cash_price,money,31.000,31.000,0.99,0.99,True,0.99
cord,receipt_005,receipt,real,line_items[].name,text,TRAD KY TOAST CARTE,TRAD KY TOAST CARTE,0.97,0.95,True,0.95
cord,receipt_005,receipt,real,line_items[].price,money,28.182,28.182,0.99,0.98,True,0.98
cord,receipt_006,receipt,real,total_price,money,"46,000","46,000",0.98,0.98,True,0.98
cord,receipt_006,receipt,real,cash_price,money,"50,000","50,000",0.97,0.97,True,0.97
cord,receipt_006,receipt,real,change_price,money,"4,000","4,000",0.95,0.93,True,0.93
cord,receipt_006,receipt,real,line_items[].name,text,EGG TART,EGG TART,0.97,0.97,True,0.97
cord,receipt_006,receipt,real,line_items[].quantity,number,1,1,0.97,0.97,True,0.97
cord,receipt_006,receipt,real,line_items[].price,money,"13,000","13,000",0.97,0.97,True,0.97
cord,receipt_006,receipt,real,line_items[].name,text,CHOCO CUSTARD PASTRY,CHOCO CUS ARD PASTRY,0.72,0.7,False,0.7
cord,receipt_006,receipt,real,line_items[].quantity,number,2,2,0.97,0.97,True,0.97
cord,receipt_006,receipt,real,line_items[].price,money,"24,000","24,000",0.72,0.9,True,0.72
cord,receipt_006,receipt,real,line_items[].name,text,REDBEAN BREAD,REDBEAN BREAD,0.88,0.88,True,0.88
cord,receipt_006,receipt,real,line_items[].quantity,number,1,1,0.97,0.97,True,0.97
cord,receipt_006,receipt,real,line_items[].price,money,"9,000","9,000",0.97,0.97,True,0.97
cord,receipt_007,receipt,real,subtotal_price,money,"100,909","100,909",0.95,0.96,True,0.95
cord,receipt_007,receipt,real,tax_price,money,"10,091","10,091",0.94,0.95,True,0.94
cord,receipt_007,receipt,real,total_price,money,"111,000","111,000",0.96,0.97,True,0.96
cord,receipt_007,receipt,real,cash_price,money,"Rp.111,000","Rp. 111,000",0.95,0.96,True,0.95
cord,receipt_007,receipt,real,line_items[].name,text,Kupon 15,Kupon 15,0.96,0.96,True,0.96
cord,receipt_007,receipt,real,line_items[].price,money,"100,000","100,000",0.95,0.96,True,0.95
cord,receipt_007,receipt,real,line_items[].name,text,ADD CHICKEN BOX,ADD CHICKEN BOX,0.97,0.97,True,0.97
cord,receipt_007,receipt,real,line_items[].price,money,909,909,0.94,0.95,True,0.94
cord,receipt_008,receipt,real,subtotal_price,money,"45,455","45,455",0.99,0.99,True,0.99
cord,receipt_008,receipt,real,tax_price,money,"4,545","4,545",0.99,0.98,True,0.98
cord,receipt_008,receipt,real,total_price,money,"50,000","50,000",0.99,0.99,True,0.99
cord,receipt_008,receipt,real,credit_card_price,money,"50,000","50,000",0.99,0.99,True,0.99
cord,receipt_008,receipt,real,line_items[].name,text,[REG] BLACK SAKURA,[REG] BLACK SAKURA,0.99,0.99,True,0.99
cord,receipt_008,receipt,real,line_items[].quantity,number,1,1,0.99,0.99,True,0.99
cord,receipt_008,receipt,real,line_items[].price,money,"45,455","45,455",0.99,0.99,True,0.99
cord,receipt_008,receipt,real,line_items[].name,text,COOKIE DOH SAUCES,COOKIE DOH SAUCES,0.97,0.96,True,0.96
cord,receipt_008,receipt,real,line_items[].quantity,number,1,1,0.97,0.97,True,0.97
cord,receipt_008,receipt,real,line_items[].price,money,0,0,0.98,0.97,True,0.97
cord,receipt_008,receipt,real,line_items[].name,text,NATA DE COCO,NATA DE COCO,0.99,0.99,True,0.99
cord,receipt_008,receipt,real,line_items[].quantity,number,1,1,0.99,0.99,True,0.99
cord,receipt_008,receipt,real,line_items[].price,money,0,0,0.98,0.97,True,0.97
cord,receipt_010,receipt,real,subtotal_price,money,"17,000","17,000",0.98,0.98,True,0.98
cord,receipt_010,receipt,real,total_price,money,"17,000","17,000",0.98,0.98,True,0.98
cord,receipt_010,receipt,real,cash_price,money,"20,000","20,000",0.98,0.98,True,0.98
cord,receipt_010,receipt,real,change_price,money,"3,000","3,000",0.98,0.98,True,0.98
cord,receipt_010,receipt,real,line_items[].name,text,CINNAMON SUGAR,CINNAMON SUGAR,0.98,0.98,True,0.98
cord,receipt_010,receipt,real,line_items[].quantity,number,1,1 x,0.97,0.97,True,0.97
cord,receipt_010,receipt,real,line_items[].unit_price,money,"17,000","17,000",0.97,0.97,True,0.97
cord,receipt_010,receipt,real,line_items[].price,money,"17,000","17,000",0.98,0.98,True,0.98
cord,receipt_011,receipt,real,total_price,money,"230,000","230,000",0.98,0.98,True,0.98
cord,receipt_011,receipt,real,cash_price,money,"230,000","230,000",0.98,0.98,True,0.98
cord,receipt_011,receipt,real,change_price,money,0,0,0.98,0.98,True,0.98
cord,receipt_011,receipt,real,line_items[].name,text,BANABERRY FRESH CREAM CAK,BANABERRY FRESH CREAM CAK,0.94,0.93,True,0.93
cord,receipt_011,receipt,real,line_items[].quantity,number,1,1,0.97,0.97,True,0.97
cord,receipt_011,receipt,real,line_items[].price,money,"230,000","230,000",0.97,0.96,True,0.96
cord,receipt_012,receipt,real,total_price,money,"120,000","120,000",0.97,0.97,True,0.97
cord,receipt_012,receipt,real,change_price,money,0,0,0.98,0.98,True,0.98
cord,receipt_012,receipt,real,credit_card_price,money,"120,000","120,000",0.97,0.96,True,0.96
cord,receipt_012,receipt,real,line_items[].name,text,0571-1854 BLUS WANITA,BLUS WANITA,0.95,0.95,False,0.95
cord,receipt_012,receipt,real,line_items[].quantity,number,1,1,0.97,0.96,True,0.96
cord,receipt_012,receipt,real,line_items[].unit_price,money,"120,000","@120,000",0.97,0.96,True,0.96
cord,receipt_012,receipt,real,line_items[].name,text,1002-0060 SHOPPING BAG,SHOPPING BAG,0.95,0.95,False,0.95
cord,receipt_012,receipt,real,line_items[].quantity,number,1,1,0.97,0.96,True,0.96
cord,receipt_012,receipt,real,line_items[].unit_price,money,880,@880,0.94,0.9,True,0.9
cord,receipt_013,receipt,real,tax_price,money,4.664,4.664,0.95,0.95,True,0.95
cord,receipt_013,receipt,real,total_price,money,51.300,51.300,0.96,0.96,True,0.96
cord,receipt_013,receipt,real,cash_price,money,52.000,52.000,0.96,0.96,True,0.96
cord,receipt_013,receipt,real,change_price,money,700,700,0.95,0.95,True,0.95
cord,receipt_013,receipt,real,line_items[].name,text,BASO KUAH,BASO KUAH,0.95,0.95,True,0.95
cord,receipt_013,receipt,real,line_items[].quantity,number,1,1,0.94,0.93,True,0.93
cord,receipt_013,receipt,real,line_items[].unit_price,money,43.636,43.636,0.94,0.92,True,0.92
cord,receipt_013,receipt,real,line_items[].price,money,43.636,43.636,0.94,0.92,True,0.92
cord,receipt_013,receipt,real,line_items[].name,text,A.MINERAL GELAS,A.MINERAL GELAS,0.94,0.94,True,0.94
cord,receipt_013,receipt,real,line_items[].quantity,number,1,1,0.94,0.93,True,0.93
cord,receipt_013,receipt,real,line_items[].unit_price,money,3.000,"3,000",0.96,0.96,True,0.96
cord,receipt_013,receipt,real,line_items[].price,money,3.000,"3,000",0.96,0.96,True,0.96
cord,receipt_014,receipt,real,subtotal_price,money,"238,000","238,000",0.995,0.995,True,0.995
cord,receipt_014,receipt,real,tax_price,money,"25,585","25,585",0.99,0.99,True,0.99
cord,receipt_014,receipt,real,service_price,money,"17,850","17,850",0.99,0.99,True,0.99
cord,receipt_014,receipt,real,total_price,money,"281,435","281,435",0.995,0.995,True,0.995
cord,receipt_014,receipt,real,cash_price,money,"200,000","200,000",0.995,0.995,True,0.995
cord,receipt_014,receipt,real,change_price,money,"18,565","18,565",0.99,0.99,True,0.99
cord,receipt_014,receipt,real,line_items[].name,text,RedVelvet Cheese Slc,RedVelvet Cheese Slc,0.7,0.7,True,0.7
cord,receipt_014,receipt,real,line_items[].quantity,number,1,1,0.98,0.98,True,0.98
cord,receipt_014,receipt,real,line_items[].price,money,"38,000","38,000",0.98,0.98,True,0.98
cord,receipt_014,receipt,real,line_items[].name,text,Chicken Baked Rice,Chicken Baked Rice,0.98,0.98,True,0.98
cord,receipt_014,receipt,real,line_items[].quantity,number,1,1,0.98,0.98,True,0.98
cord,receipt_014,receipt,real,line_items[].price,money,"55,000","55,000",0.995,0.995,True,0.995
cord,receipt_014,receipt,real,line_items[].name,text,Fish n Chips,Fish n Chips,0.97,0.97,True,0.97
cord,receipt_014,receipt,real,line_items[].quantity,number,1,1,0.98,0.98,True,0.98
cord,receipt_014,receipt,real,line_items[].price,money,"65,000","65,000",0.995,0.995,True,0.995
cord,receipt_014,receipt,real,line_items[].name,text,Mushroom Soup,Mushroom Soup,0.98,0.98,True,0.98
cord,receipt_014,receipt,real,line_items[].quantity,number,1,1,0.98,0.98,True,0.98
cord,receipt_014,receipt,real,line_items[].price,money,"35,000","35,000",0.99,0.99,True,0.99
cord,receipt_014,receipt,real,line_items[].name,text,Chamomile,Chamomile,0.95,0.95,True,0.95
cord,receipt_014,receipt,real,line_items[].quantity,number,1,1,0.98,0.98,True,0.98
cord,receipt_014,receipt,real,line_items[].price,money,"25,000","25,000",0.99,0.99,True,0.99
cord,receipt_014,receipt,real,line_items[].name,text,Iced Tea,Iced Tea,0.98,0.98,True,0.98
cord,receipt_014,receipt,real,line_items[].quantity,number,1,1,0.98,0.98,True,0.98
cord,receipt_014,receipt,real,line_items[].price,money,"20,000","20,000",0.99,0.99,True,0.99
cord,receipt_015,receipt,real,total_price,money,63.000,63.000,0.998,0.998,True,0.998
cord,receipt_015,receipt,real,cash_price,money,70.000,70.000,0.998,0.998,True,0.998
cord,receipt_015,receipt,real,change_price,money,7.000,7.000,0.998,0.998,True,0.998
cord,receipt_015,receipt,real,line_items[].name,text,Lemon Tea (L),Lemon Tea (L),0.995,0.995,True,0.995
cord,receipt_015,receipt,real,line_items[].quantity,number,1,1,0.995,0.995,True,0.995
cord,receipt_015,receipt,real,line_items[].price,money,25.000,25.000,0.995,0.995,True,0.995
cord,receipt_015,receipt,real,line_items[].name,text,Caramel Small,Caramel Small,0.995,0.995,True,0.995
cord,receipt_015,receipt,real,line_items[].quantity,number,1,1,0.995,0.995,True,0.995
cord,receipt_015,receipt,real,line_items[].price,money,38.000,38.000,0.995,0.995,True,0.995
cord,receipt_016,receipt,real,subtotal_price,money,"63,636","63,636",0.99,0.99,True,0.99
cord,receipt_016,receipt,real,tax_price,money,"6,364","6,364",0.99,0.99,True,0.99
cord,receipt_016,receipt,real,total_price,money,"70,000","70,000",0.99,0.99,True,0.99
cord,receipt_016,receipt,real,cash_price,money,"100,000","100,000",0.99,0.99,True,0.99
cord,receipt_016,receipt,real,change_price,money,"30,000","30,000",0.99,0.99,True,0.99
cord,receipt_016,receipt,real,line_items[].name,text,[LG] BLACK SAKURA,[LG] BLACK SAKURA,0.97,0.98,True,0.97
cord,receipt_016,receipt,real,line_items[].quantity,number,1,1,0.98,0.98,True,0.98
cord,receipt_016,receipt,real,line_items[].price,money,"59,091","59,091",0.98,0.98,True,0.98
cord,receipt_016,receipt,real,line_items[].name,text,LONGAN,LONGAN,0.98,0.98,True,0.98
cord,receipt_016,receipt,real,line_items[].quantity,number,1,1,0.98,0.98,True,0.98
cord,receipt_016,receipt,real,line_items[].price,money,0,0,0.98,0.98,True,0.98
cord,receipt_016,receipt,real,line_items[].name,text,ROASTED ALMOND,ROASTED ALMOND,0.98,0.98,True,0.98
cord,receipt_016,receipt,real,line_items[].quantity,number,1,1,0.98,0.98,True,0.98
cord,receipt_016,receipt,real,line_items[].price,money,0,0,0.98,0.98,True,0.98
cord,receipt_016,receipt,real,line_items[].name,text,MANGGO,IVANGGO,0.97,0.97,False,0.97
cord,receipt_016,receipt,real,line_items[].quantity,number,1,1,0.98,0.98,True,0.98
cord,receipt_016,receipt,real,line_items[].price,money,0,0,0.98,0.98,True,0.98
cord,receipt_016,receipt,real,line_items[].name,text,MINERAL WATER (bundling) 5k,IVINERAL WATER (bundling) 5k,0.96,0.97,False,0.96
cord,receipt_016,receipt,real,line_items[].quantity,number,1,1,0.98,0.98,True,0.98
cord,receipt_016,receipt,real,line_items[].price,money,"4,545","4,545",0.98,0.98,True,0.98
cord,receipt_017,receipt,real,subtotal_price,money,"91,000","91,000",0.98,0.98,True,0.98
cord,receipt_017,receipt,real,total_price,money,"91,000","Rp. 91,000",0.99,0.99,True,0.99
cord,receipt_017,receipt,real,credit_card_price,money,"91,000","91,000",0.97,0.97,True,0.97
cord,receipt_017,receipt,real,line_items[].name,text,Goblin's Mace,Goblin's Mace,0.97,0.97,True,0.97
cord,receipt_017,receipt,real,line_items[].quantity,number,1,1,0.97,0.97,True,0.97
cord,receipt_017,receipt,real,line_items[].price,money,"25,000","25,000",0.98,0.98,True,0.98
cord,receipt_017,receipt,real,line_items[].name,text,Mozarella Hot Dog,Mozarella Hot Dog,0.95,0.95,True,0.95
cord,receipt_017,receipt,real,line_items[].quantity,number,2,2,0.97,0.97,True,0.97
cord,receipt_017,receipt,real,line_items[].price,money,"38,000","38,000",0.97,0.95,True,0.95
cord,receipt_017,receipt,real,line_items[].name,text,Chili Pepper Croquette,Chili Pepper Croquette,0.95,0.95,True,0.95
cord,receipt_017,receipt,real,line_items[].quantity,number,1,1,0.97,0.97,True,0.97
cord,receipt_017,receipt,real,line_items[].price,money,"14,000","14,000",0.97,0.97,True,0.97
cord,receipt_017,receipt,real,line_items[].name,text,Cheese Croquette,Cheese Croquette,0.95,0.95,True,0.95
cord,receipt_017,receipt,real,line_items[].quantity,number,1,1,0.97,0.97,True,0.97
cord,receipt_017,receipt,real,line_items[].price,money,"14,000","14,000",0.97,0.97,True,0.97
cord,receipt_017,receipt,real,line_items[].name,text,Plastik Amook,Plastik Amook,0.95,0.95,True,0.95
cord,receipt_017,receipt,real,line_items[].quantity,number,1,1,0.97,0.97,True,0.97
cord,receipt_017,receipt,real,line_items[].price,money,0,0,0.97,0.97,True,0.97
cord,receipt_017,receipt,real,line_items[].name,text,Plastik Putih Take Away,Plastik Putih Take Away,0.95,0.95,True,0.95
cord,receipt_017,receipt,real,line_items[].quantity,number,1,1,0.97,0.97,True,0.97
cord,receipt_017,receipt,real,line_items[].price,money,0,0,0.97,0.97,True,0.97
cord,receipt_018,receipt,real,total_price,money,,156000,0.0,0.35,False,0.0
cord,receipt_018,receipt,real,cash_price,money,156000,156000,0.97,0.97,True,0.97
cord,receipt_018,receipt,real,change_price,money,Rp. 0,Rp. 0,0.97,0.97,True,0.97
cord,receipt_018,receipt,real,line_items[].name,text,Propolis Cair,Propolis Cair,0.95,0.94,True,0.94
cord,receipt_018,receipt,real,line_items[].quantity,number,1,1,0.94,0.93,True,0.93
cord,receipt_018,receipt,real,line_items[].unit_price,money,156000,156000,0.97,0.95,True,0.95
cord,receipt_018,receipt,real,line_items[].price,money,156000,156000,0.97,0.96,True,0.96
cord,receipt_019,receipt,real,subtotal_price,money,160000,160000,0.86,0.92,True,0.86
cord,receipt_019,receipt,real,tax_price,money,16000,16000,0.78,0.88,True,0.78
cord,receipt_019,receipt,real,total_price,money,176000,176000,0.83,0.93,True,0.83
cord,receipt_019,receipt,real,line_items[].name,text,AMBUSH DBL CHS,AMBUSH DBL CHS,0.79,0.84,True,0.79
cord,receipt_019,receipt,real,line_items[].quantity,number,4,4,0.8,0.9,True,0.8
cord,receipt_019,receipt,real,line_items[].price,money,60000,60000,0.76,0.82,True,0.76
cord,receipt_019,receipt,real,line_items[].name,text,AMBUSH CHS BUR,AMBUSH CHS BUR,0.76,0.83,True,0.76
cord,receipt_019,receipt,real,line_items[].quantity,number,10,10,0.82,0.91,True,0.82
cord,receipt_019,receipt,real,line_items[].price,money,100000,100000,0.8,0.89,True,0.8
cord,receipt_020,receipt,real,subtotal_price,money,"325,600","325,600",0.93,0.94,True,0.93
cord,receipt_020,receipt,real,tax_price,money,"34,351","34,351",0.91,0.93,True,0.91
cord,receipt_020,receipt,real,service_price,money,"17,908","17,908",0.9,0.93,True,0.9
cord,receipt_020,receipt,real,total_price,money,"377,859","377,859",0.95,0.96,True,0.95
cord,receipt_020,receipt,real,line_items[].name,text,cashew nuts chkn,cashew nuts chkn,0.95,0.95,True,0.95
cord,receipt_020,receipt,real,line_items[].quantity,number,1,1,0.86,0.9,True,0.86
cord,receipt_020,receipt,real,line_items[].price,money,"64,500","64,500",0.95,0.96,True,0.95
cord,receipt_020,receipt,real,line_items[].name,text,garlic pepper beef,garlic pepper beef,0.95,0.95,True,0.95
cord,receipt_020,receipt,real,line_items[].quantity,number,1,1,0.86,0.9,True,0.86
cord,receipt_020,receipt,real,line_items[].price,money,"79,500","79,500",0.95,0.96,True,0.95
cord,receipt_020,receipt,real,line_items[].name,text,red curry beef,red curry beef,0.95,0.95,True,0.95
cord,receipt_020,receipt,real,line_items[].quantity,number,1,1,0.86,0.9,True,0.86
cord,receipt_020,receipt,real,line_items[].price,money,"69,500","69,500",0.83,0.88,True,0.83
cord,receipt_020,receipt,real,line_items[].name,text,phad thai,phad thai,0.95,0.95,True,0.95
cord,receipt_020,receipt,real,line_items[].quantity,number,1,1,0.86,0.9,True,0.86
cord,receipt_020,receipt,real,line_items[].price,money,"64,500","64,500",0.95,0.96,True,0.95
cord,receipt_020,receipt,real,line_items[].name,text,steamed rice,steamed rice,0.95,0.95,True,0.95
cord,receipt_020,receipt,real,line_items[].quantity,number,4,4,0.95,0.96,True,0.95
cord,receipt_020,receipt,real,line_items[].price,money,"47,600","47,600",0.93,0.95,True,0.93
cord,receipt_021,receipt,real,total_price,money,38.000,Rp 38.000,0.98,0.98,True,0.98
cord,receipt_021,receipt,real,cash_price,money,50.000,Rp 50.000,0.98,0.98,True,0.98
cord,receipt_021,receipt,real,change_price,money,12.000,Rp 12.000,0.97,0.97,True,0.97
cord,receipt_021,receipt,real,line_items[].name,text,NASI GOR SFD TLR,NASI GOR SFD TLR,0.95,0.95,True,0.95
cord,receipt_021,receipt,real,line_items[].quantity,number,1,1,0.96,0.96,True,0.96
cord,receipt_021,receipt,real,line_items[].unit_price,money,35.000,35.000,0.96,0.85,True,0.85
cord,receipt_021,receipt,real,line_items[].price,money,35.000,Rp 35.000,0.97,0.97,True,0.97
cord,receipt_021,receipt,real,line_items[].name,text,ES TEH TAWAR,ES TEH TAWAR,0.96,0.96,True,0.96
cord,receipt_021,receipt,real,line_items[].quantity,number,1,1,0.96,0.96,True,0.96
cord,receipt_021,receipt,real,line_items[].unit_price,money,3.000,3.000,0.96,0.83,True,0.83
cord,receipt_021,receipt,real,line_items[].price,money,3.000,Rp 3.000,0.97,0.97,True,0.97
cord,receipt_022,receipt,real,total_price,money,"40,000","40,000",0.998,0.998,True,0.998
cord,receipt_022,receipt,real,cash_price,money,"100,000","100,000",0.995,0.995,True,0.995
cord,receipt_022,receipt,real,change_price,money,"60,000","60,000",0.998,0.998,True,0.998
cord,receipt_022,receipt,real,line_items[].name,text,[MD] SOFT STEAMED CHEESEC,[MD] SOFT STEAMED CHEESEC,0.97,0.96,True,0.96
cord,receipt_022,receipt,real,line_items[].quantity,number,2,2,0.98,0.97,True,0.97
cord,receipt_022,receipt,real,line_items[].price,money,"20,000","20,000",0.98,0.97,True,0.97
cord,receipt_022,receipt,real,line_items[].name,text,[MD] SOFT STEAMED CHOCOCA,[MD] SOFT STEAMED CHOCOCA,0.95,0.94,True,0.94
cord,receipt_022,receipt,real,line_items[].quantity,number,2,2,0.98,0.97,True,0.97
cord,receipt_022,receipt,real,line_items[].price,money,"20,000","20,000",0.98,0.97,True,0.97
cord,receipt_023,receipt,real,total_price,money,"63,000","63,000",0.995,0.995,True,0.995
cord,receipt_023,receipt,real,cash_price,money,"70,000","70,000",0.995,0.995,True,0.995
cord,receipt_023,receipt,real,change_price,money,"7,000","7,000",0.995,0.995,True,0.995
cord,receipt_023,receipt,real,line_items[].name,text,TWIST DONUT,TWIST DONUT,0.995,0.995,True,0.995
cord,receipt_023,receipt,real,line_items[].quantity,number,6,6,0.995,0.995,True,0.995
cord,receipt_023,receipt,real,line_items[].price,money,"54,000","54,000",0.995,0.995,True,0.995
cord,receipt_023,receipt,real,line_items[].name,text,REDBEAN BREAD,REDBEAN BREAD,0.97,0.97,True,0.97
cord,receipt_023,receipt,real,line_items[].quantity,number,1,1,0.97,0.97,True,0.97
cord,receipt_023,receipt,real,line_items[].price,money,"9,000","9,000",0.97,0.97,True,0.97
cord,receipt_024,receipt,real,total_price,money,118.000,Rp.118.000,0.98,0.98,True,0.98
cord,receipt_024,receipt,real,credit_card_price,money,118.000,118.000,0.97,0.97,True,0.97
cord,receipt_024,receipt,real,line_items[].name,text,5001-Corn Flakes Cookies,5001-Corn Flakes Cookies,0.97,0.97,True,0.97
cord,receipt_024,receipt,real,line_items[].quantity,number,1,x1,0.95,0.95,True,0.95
cord,receipt_024,receipt,real,line_items[].unit_price,money,56.000,Rp.56.000,0.97,0.97,True,0.97
cord,receipt_024,receipt,real,line_items[].price,money,56.000,Rp.56.000,0.97,0.97,True,0.97
cord,receipt_024,receipt,real,line_items[].name,text,5003-Chokoreto Cookies,5003-Chokoreto Cookies,0.95,0.95,True,0.95
cord,receipt_024,receipt,real,line_items[].quantity,number,1,x1,0.95,0.95,True,0.95
cord,receipt_024,receipt,real,line_items[].unit_price,money,62.000,Rp.62.000,0.97,0.97,True,0.97
cord,receipt_024,receipt,real,line_items[].price,money,62.000,Rp.62.000,0.97,0.97,True,0.97
cord,receipt_024,receipt,real,line_items[].name,text,6002-Plastic Bag Medium,6002-Plastic Bag Medium,0.97,0.97,True,0.97
cord,receipt_024,receipt,real,line_items[].quantity,number,1,x1,0.95,0.95,True,0.95
cord,receipt_024,receipt,real,line_items[].unit_price,money,0,Rp.0,0.97,0.97,True,0.97
cord,receipt_024,receipt,real,line_items[].price,money,0,Rp.0,0.97,0.97,True,0.97
cord,receipt_025,receipt,real,total_price,money,"43,000","43,000",0.998,0.998,True,0.998
cord,receipt_025,receipt,real,cash_price,money,"50,000","50,000",0.998,0.998,True,0.998
cord,receipt_025,receipt,real,change_price,money,"7,000","7,000",0.998,0.998,True,0.998
cord,receipt_025,receipt,real,line_items[].name,text,TWIST STRAWBERRY DONUT,TWIST STRAWBERRY DONUT,0.998,0.998,True,0.998
cord,receipt_025,receipt,real,line_items[].quantity,number,1,1,0.998,0.998,True,0.998
cord,receipt_025,receipt,real,line_items[].price,money,"10,000","10,000",0.998,0.998,True,0.998
cord,receipt_025,receipt,real,line_items[].name,text,TLJ CROQUETTE,TLJ CROQUETTE,0.97,0.97,True,0.97
cord,receipt_025,receipt,real,line_items[].quantity,number,1,1,0.998,0.998,True,0.998
cord,receipt_025,receipt,real,line_items[].price,money,"17,000","17,000",0.998,0.998,True,0.998
cord,receipt_025,receipt,real,line_items[].name,text,POTATO PEPPER BAGEL,POTATO PEPPER BAGEL,0.998,0.998,True,0.998
cord,receipt_025,receipt,real,line_items[].quantity,number,1,1,0.998,0.998,True,0.998
cord,receipt_025,receipt,real,line_items[].price,money,"16,000","16,000",0.998,0.998,True,0.998
cord,receipt_026,receipt,real,subtotal_price,money,138.000,Rp 138.000,0.98,0.98,True,0.98
cord,receipt_026,receipt,real,total_price,money,138.000,Rp 138.000,0.98,0.98,True,0.98
cord,receipt_026,receipt,real,cash_price,money,138.000,Rp 138.000,0.98,0.98,True,0.98
cord,receipt_026,receipt,real,change_price,money,0,Rp 0,0.98,0.98,True,0.98
cord,receipt_026,receipt,real,line_items[].name,text,Nasi Cap Cay Porsi Besar,Nasi Cap Cay Porsi B esar,0.72,0.78,False,0.72
cord,receipt_026,receipt,real,line_items[].quantity,number,1,1,0.9,0.92,True,0.9
cord,receipt_026,receipt,real,line_items[].unit_price,money,65.000,65.000,0.76,0.82,True,0.76
cord,receipt_026,receipt,real,line_items[].price,money,65.000,65.000,0.96,0.96,True,0.96
cord,receipt_026,receipt,real,line_items[].name,text,Teh Tawar,Teh Tawar,0.97,0.98,True,0.97
cord,receipt_026,receipt,real,line_items[].quantity,number,2,2,0.97,0.98,True,0.97
cord,receipt_026,receipt,real,line_items[].unit_price,money,4.000,4.000,0.88,0.9,True,0.88
cord,receipt_026,receipt,real,line_items[].name,text,Fu Yung Hai,Fu Yung Hai,0.97,0.98,True,0.97
cord,receipt_026,receipt,real,line_items[].quantity,number,1,1,0.97,0.98,True,0.97
cord,receipt_026,receipt,real,line_items[].unit_price,money,65.000,65.000,0.9,0.93,True,0.9
cord,receipt_026,receipt,real,line_items[].price,money,65.000,65.000,0.97,0.98,True,0.97
cord,receipt_027,receipt,real,subtotal_price,money,"56,000","56,000",0.998,0.998,True,0.998
cord,receipt_027,receipt,real,tax_price,money,"5,600","5,600",0.998,0.998,True,0.998
cord,receipt_027,receipt,real,total_price,money,"61,600","61,600",0.998,0.998,True,0.998
cord,receipt_027,receipt,real,cash_price,money,,"61,600",0.0,0.95,False,0.0
cord,receipt_027,receipt,real,line_items[].name,text,PKT AYAM,PKT AYAM,0.998,0.998,True,0.998
cord,receipt_027,receipt,real,line_items[].price,money,"33,000","33,000",0.998,0.998,True,0.998
cord,receipt_027,receipt,real,line_items[].name,text,GULAI OTAK,GULAI OTAK,0.998,0.998,True,0.998
cord,receipt_027,receipt,real,line_items[].price,money,"23,000","23,000",0.998,0.998,True,0.998
cord,receipt_028,receipt,real,subtotal_price,money,"369,000","369,000",0.995,0.995,True,0.995
cord,receipt_028,receipt,real,tax_price,money,"38,745","38,745",0.995,0.995,True,0.995
cord,receipt_028,receipt,real,service_price,money,"18,450","18,450",0.995,0.995,True,0.995
cord,receipt_028,receipt,real,total_price,money,"426,195","426,195",0.995,0.995,True,0.995
cord,receipt_028,receipt,real,line_items[].name,text,SAMGYOPSAL,SAMGYOPSAL,0.97,0.97,True,0.97
cord,receipt_028,receipt,real,line_items[].quantity,number,2,2,0.97,0.97,True,0.97
cord,receipt_028,receipt,real,line_items[].price,money,"194,000","194,000",0.995,0.97,True,0.97
cord,receipt_028,receipt,real,line_items[].name,text,SUL LUNG TANG,SUL LUNG TANG,0.97,0.97,True,0.97
cord,receipt_028,receipt,real,line_items[].quantity,number,1,1,0.97,0.97,True,0.97
cord,receipt_028,receipt,real,line_items[].price,money,"75,000","75,000",0.995,0.97,True,0.97
cord,receipt_028,receipt,real,line_items[].name,text,MAKOLI,MAKOLI,0.95,0.95,True,0.95
cord,receipt_028,receipt,real,line_items[].quantity,number,1,1,0.97,0.97,True,0.97
cord,receipt_028,receipt,real,line_items[].price,money,"100,000","100,000",0.995,0.97,True,0.97
cord,receipt_029,receipt,real,subtotal_price,money,"132,636","132,636",0.998,0.998,True,0.998
cord,receipt_029,receipt,real,tax_price,money,"13,264","13,264",0.998,0.998,True,0.998
cord,receipt_029,receipt,real,total_price,money,"145,900","145,900",0.998,0.998,True,0.998
cord,receipt_029,receipt,real,credit_card_price,money,"145,900","[145,900]",0.995,0.99,True,0.99
cord,receipt_029,receipt,real,line_items[].name,text,COLD OCHA,COLD OCHA,0.998,0.998,True,0.998
cord,receipt_029,receipt,real,line_items[].quantity,number,1,1,0.998,0.998,True,0.998
cord,receipt_029,receipt,real,line_items[].price,money,"10,909","10,909",0.998,0.998,True,0.998
cord,receipt_029,receipt,real,line_items[].name,text,BCA PROMO,BCA PROMO,0.998,0.998,True,0.998
cord,receipt_029,receipt,real,line_items[].quantity,number,1,1,0.998,0.998,True,0.998
cord,receipt_029,receipt,real,line_items[].price,money,"54,455","54,455",0.998,0.97,True,0.97
cord,receipt_029,receipt,real,line_items[].name,text,1-ABURA UDON SPICY,ABURA UDON SPICY,0.55,0.2,False,0.2
cord,receipt_029,receipt,real,line_items[].quantity,number,1,1,0.998,0.92,True,0.92
cord,receipt_029,receipt,real,line_items[].price,money,0,0,0.995,0.93,True,0.93
cord,receipt_029,receipt,real,line_items[].name,text,1-KAKE UDON,:-KAKE UDON,0.55,0.2,False,0.2
cord,receipt_029,receipt,real,line_items[].quantity,number,1,1,0.998,0.92,True,0.92
cord,receipt_029,receipt,real,line_items[].price,money,0,0,0.995,0.93,True,0.93
cord,receipt_029,receipt,real,line_items[].name,text,SKEWERED SHUMAI,SKEWERED SHUMAI,0.998,0.998,True,0.998
cord,receipt_029,receipt,real,line_items[].quantity,number,1,1,0.998,0.998,True,0.998
cord,receipt_029,receipt,real,line_items[].price,money,"12,727","12,727",0.998,0.998,True,0.998
cord,receipt_029,receipt,real,line_items[].name,text,SKEWERED TOFU ROLL,SKEWERED TOFU ROLL,0.998,0.998,True,0.998
cord,receipt_029,receipt,real,line_items[].quantity,number,1,1,0.998,0.998,True,0.998
cord,receipt_029,receipt,real,line_items[].price,money,"12,727","12,727",0.998,0.998,True,0.998
cord,receipt_029,receipt,real,line_items[].name,text,EBI TEMPURA,EBI TEMPURA,0.998,0.998,True,0.998
cord,receipt_029,receipt,real,line_items[].quantity,number,1,1,0.998,0.998,True,0.998
cord,receipt_029,receipt,real,line_items[].price,money,"13,636","13,636",0.998,0.998,True,0.998
cord,receipt_029,receipt,real,line_items[].name,text,KITSUNE UDON (KIDS),KITSUNE UDON (KIDS),0.998,0.998,True,0.998
cord,receipt_029,receipt,real,line_items[].quantity,number,1,1,0.998,0.998,True,0.998
cord,receipt_029,receipt,real,line_items[].price,money,"28,182","28,182",0.998,0.998,True,0.998
cord,receipt_030,receipt,real,subtotal_price,money,"28,636","28,636",0.97,0.97,True,0.97
cord,receipt_030,receipt,real,tax_price,money,"2,864","2,864",0.97,0.95,True,0.95
cord,receipt_030,receipt,real,total_price,money,"31,500","31,500",0.97,0.97,True,0.97
cord,receipt_030,receipt,real,cash_price,money,"50,000","50,000",0.95,0.95,True,0.95
cord,receipt_030,receipt,real,change_price,money,"18,500","18,500",0.95,0.95,True,0.95
cord,receipt_030,receipt,real,line_items[].name,text,Kupon 3,Kupon 3,0.97,0.72,True,0.72
cord,receipt_030,receipt,real,line_items[].price,money,"28,636","28,636",0.97,0.78,True,0.78
cord,receipt_031,receipt,real,subtotal_price,money,"85,500","85,500",0.98,0.98,True,0.98
cord,receipt_031,receipt,real,tax_price,money,"18,126","18,126",0.98,0.96,True,0.96
cord,receipt_031,receipt,real,service_price,money,"10,260","10,260",0.98,0.98,True,0.98
cord,receipt_031,receipt,real,total_price,money,"113,886","113,886",0.99,0.99,True,0.99
cord,receipt_031,receipt,real,line_items[].name,text,SALMON PESTO,SALMON PESTO,0.99,0.99,True,0.99
cord,receipt_031,receipt,real,line_items[].quantity,number,1,1,0.99,0.99,True,0.99
cord,receipt_031,receipt,real,line_items[].price,money,"85,500","85,500",0.99,0.99,True,0.99
cord,receipt_031,receipt,real,line_items[].name,text,SALMON PESTO,SALMON PESTO,0.99,0.99,True,0.99
cord,receipt_031,receipt,real,line_items[].quantity,number,1,1,0.99,0.99,True,0.99
cord,receipt_031,receipt,real,line_items[].price,money,"85,500","85,500",0.99,0.99,True,0.99
cord,receipt_032,receipt,real,subtotal_price,money,24.000,24.000,0.99,0.99,True,0.99
cord,receipt_032,receipt,real,total_price,money,24.000,24.000,0.99,0.99,True,0.99
cord,receipt_032,receipt,real,cash_price,money,50.000,50.000,0.99,0.99,True,0.99
cord,receipt_032,receipt,real,change_price,money,26.000,26.000,0.99,0.99,True,0.99
cord,receipt_032,receipt,real,line_items[].name,text,THAI ICED GREEN TEA,THAI ICED GREEN TEA,0.99,0.99,True,0.99
cord,receipt_032,receipt,real,line_items[].quantity,number,1,1,0.97,0.97,True,0.97
cord,receipt_032,receipt,real,line_items[].unit_price,money,24.000,@24.000,0.98,0.98,True,0.98
cord,receipt_032,receipt,real,line_items[].price,money,24.000,24.000,0.99,0.99,True,0.99
cord,receipt_033,receipt,real,subtotal_price,money,"117,500","117,500",0.98,0.98,True,0.98
cord,receipt_033,receipt,real,tax_price,money,"19,557","19,557",0.98,0.96,True,0.96
cord,receipt_033,receipt,real,service_price,money,"11,070","11,070",0.98,0.96,True,0.96
cord,receipt_033,receipt,real,total_price,money,"148,127","148,127",0.99,0.99,True,0.99
cord,receipt_033,receipt,real,line_items[].name,text,GRILLED BABY POTATO (R,GRILLED BABY POTATO (R,0.95,0.92,True,0.92
cord,receipt_033,receipt,real,line_items[].quantity,number,1,1,0.97,0.97,True,0.97
cord,receipt_033,receipt,real,line_items[].price,money,"50,500","50,500",0.98,0.97,True,0.97
cord,receipt_033,receipt,real,line_items[].name,text,HOT TUNA,HOT TUNA,0.99,0.99,True,0.99
cord,receipt_033,receipt,real,line_items[].quantity,number,1,1,0.97,0.97,True,0.97
cord,receipt_033,receipt,real,line_items[].price,money,"67,000","67,000",0.99,0.98,True,0.98
cord,receipt_033,receipt,real,line_items[].name,text,HOT TUNA,HOT TUNA,0.99,0.99,True,0.99
cord,receipt_033,receipt,real,line_items[].quantity,number,1,1,0.97,0.97,True,0.97
cord,receipt_033,receipt,real,line_items[].price,money,"67,000","67,000",0.99,0.98,True,0.98
cord,receipt_034,receipt,real,subtotal_price,money,85.000,85.000,0.98,0.98,True,0.98
cord,receipt_034,receipt,real,tax_price,money,8.500,8.500,0.98,0.98,True,0.98
cord,receipt_034,receipt,real,total_price,money,93.500,93.500,0.98,0.98,True,0.98
cord,receipt_034,receipt,real,cash_price,money,100.000,100.000,0.98,0.98,True,0.98
cord,receipt_034,receipt,real,change_price,money,6.500,6.500,0.98,0.98,True,0.98
cord,receipt_034,receipt,real,line_items[].name,text,Ash Chick Sambal Matah,Ash Chick Sambal Matah,0.72,0.78,True,0.72
cord,receipt_034,receipt,real,line_items[].quantity,number,5,5,0.9,0.88,True,0.88
cord,receipt_034,receipt,real,line_items[].price,money,75.000,75.000,0.95,0.95,True,0.95
cord,receipt_034,receipt,real,line_items[].name,text,Jamur Goreng,Jamur Goreng,0.97,0.97,True,0.97
cord,receipt_034,receipt,real,line_items[].quantity,number,2,2,0.97,0.97,True,0.97
cord,receipt_034,receipt,real,line_items[].price,money,10.000,10.000,0.97,0.97,True,0.97
cord,receipt_035,receipt,real,total_price,money,"54,000","54,000",0.97,0.97,True,0.97
cord,receipt_035,receipt,real,cash_price,money,"104,000","104,000",0.98,0.98,True,0.98
cord,receipt_035,receipt,real,change_price,money,"50,000","50,000",0.94,0.96,True,0.94
cord,receipt_035,receipt,real,line_items[].name,text,TWIST DONUT,TWIST DONUT,0.98,0.98,True,0.98
cord,receipt_035,receipt,real,line_items[].quantity,number,2,2,0.98,0.98,True,0.98
cord,receipt_035,receipt,real,line_items[].price,money,"18,000","18,000",0.98,0.98,True,0.98
cord,receipt_035,receipt,real,line_items[].name,text,BANANA DONUT,BANANA DONUT,0.98,0.98,True,0.98
cord,receipt_035,receipt,real,line_items[].quantity,number,1,1,0.98,0.98,True,0.98
cord,receipt_035,receipt,real,line_items[].price,money,"11,000","11,000",0.98,0.98,True,0.98
cord,receipt_035,receipt,real,line_items[].name,text,CREAMCHEESE BREAD,CREAMCHEESE BREAD,0.97,0.97,True,0.97
cord,receipt_035,receipt,real,line_items[].quantity,number,1,1,0.98,0.98,True,0.98
cord,receipt_035,receipt,real,line_items[].price,money,"13,000","13,000",0.98,0.98,True,0.98
cord,receipt_035,receipt,real,line_items[].name,text,FRANKFRUT SAUSAGE ROLL,FRANKFRUT SAUSAGE ROLL,0.94,0.95,True,0.94
cord,receipt_035,receipt,real,line_items[].quantity,number,1,1,0.98,0.98,True,0.98
cord,receipt_035,receipt,real,line_items[].price,money,"12,000","12,000",0.98,0.98,True,0.98
cord,receipt_036,receipt,real,subtotal_price,money,"40,000","40,000",0.97,0.94,True,0.94
cord,receipt_036,receipt,real,total_price,money,"40,000","40,000",0.98,0.98,True,0.98
cord,receipt_036,receipt,real,cash_price,money,"100,000","100,000",0.98,0.98,True,0.98
cord,receipt_036,receipt,real,change_price,money,"60,000","60,000",0.98,0.98,True,0.98
cord,receipt_036,receipt,real,line_items[].name,text,XXL Crispy Chicken,XXL Crispy Chicken,0.95,0.95,True,0.95
cord,receipt_036,receipt,real,line_items[].quantity,number,1,1,0.98,0.97,True,0.97
cord,receipt_036,receipt,real,line_items[].price,money,"40,000","40,000",0.98,0.98,True,0.98
cord,receipt_036,receipt,real,line_items[].name,text,- Sedang,- Sedang,0.97,0.92,True,0.92
cord,receipt_036,receipt,real,line_items[].quantity,number,1,1,0.98,0.55,True,0.55
cord,receipt_036,receipt,real,line_items[].price,money,0,0,0.97,0.88,True,0.88
cord,receipt_038,receipt,real,subtotal_price,money,"561,800","561,800",0.98,0.98,True,0.98
cord,receipt_038,receipt,real,tax_price,money,"60,394","60,394",0.97,0.95,True,0.95
cord,receipt_038,receipt,real,service_price,money,"42,135","42,135",0.98,0.98,True,0.98
cord,receipt_038,receipt,real,total_price,money,"664,329","664,329",0.99,0.99,True,0.99
cord,receipt_038,receipt,real,line_items[].name,text,XLB Org Pork 10x,XLB Org Pork 10x,0.95,0.95,True,0.95
cord,receipt_038,receipt,real,line_items[].quantity,number,1,1,0.98,0.98,True,0.98
cord,receipt_038,receipt,real,line_items[].price,money,"78,000","78,000",0.98,0.98,True,0.98
cord,receipt_038,receipt,real,line_items[].name,text,Sicito Babi,Sicito Babi,0.72,0.68,True,0.68
cord,receipt_038,receipt,real,line_items[].quantity,number,1,1,0.98,0.98,True,0.98
cord,receipt_038,receipt,real,line_items[].price,money,"65,000","65,000",0.98,0.98,True,0.98
cord,receipt_038,receipt,real,line_items[].name,text,Hotplate Tahu,Hotplate Tahu,0.96,0.96,True,0.96
cord,receipt_038,receipt,real,line_items[].quantity,number,1,1,0.98,0.98,True,0.98
cord,receipt_038,receipt,real,line_items[].price,money,"58,000","58,000",0.98,0.98,True,0.98
cord,receipt_038,receipt,real,line_items[].name,text,DF Fish Fillet Garlc,DF Fish Fillet Garlc,0.83,0.8,True,0.8
cord,receipt_038,receipt,real,line_items[].quantity,number,1,1,0.98,0.98,True,0.98
cord,receipt_038,receipt,real,line_items[].price,money,"108,000","108,000",0.98,0.98,True,0.98
cord,receipt_038,receipt,real,line_items[].name,text,LM Pork Belly,LM Pork Belly,0.97,0.97,True,0.97
cord,receipt_038,receipt,real,line_items[].quantity,number,1,1,0.98,0.98,True,0.98
cord,receipt_038,receipt,real,line_items[].price,money,"88,000","88,000",0.98,0.98,True,0.98
cord,receipt_038,receipt,real,line_items[].name,text,Siew Mai,Siew Mai,0.97,0.97,True,0.97
cord,receipt_038,receipt,real,line_items[].quantity,number,1,1,0.98,0.98,True,0.98
cord,receipt_038,receipt,real,line_items[].price,money,"38,800","38,800",0.97,0.97,True,0.97
cord,receipt_038,receipt,real,line_items[].name,text,Kwan Yin Cup,Kwan Yin Cup,0.97,0.97,True,0.97
cord,receipt_038,receipt,real,line_items[].quantity,number,5,5,0.98,0.98,True,0.98
cord,receipt_038,receipt,real,line_items[].price,money,"50,000","50,000",0.97,0.84,True,0.84
cord,receipt_038,receipt,real,line_items[].name,text,Herbal Jelly,Herbal Jelly,0.97,0.97,True,0.97
cord,receipt_038,receipt,real,line_items[].quantity,number,1,1,0.98,0.98,True,0.98
cord,receipt_038,receipt,real,line_items[].price,money,"38,000","38,000",0.98,0.98,True,0.98
cord,receipt_038,receipt,real,line_items[].name,text,Onde-Onde,Onde-Onde,0.97,0.97,True,0.97
cord,receipt_038,receipt,real,line_items[].quantity,number,1,1,0.98,0.98,True,0.98
cord,receipt_038,receipt,real,line_items[].price,money,"38,000","38,000",0.98,0.98,True,0.98
cord,receipt_040,receipt,real,total_price,money,"68,000","68,000",0.95,0.97,True,0.95
cord,receipt_040,receipt,real,cash_price,money,"100,000","100,000",0.95,0.97,True,0.95
cord,receipt_040,receipt,real,change_price,money,"32,000","32,000",0.95,0.97,True,0.95
cord,receipt_040,receipt,real,line_items[].name,text,Snack Lestari All,Snack Lestari All,0.7,0.7,True,0.7
cord,receipt_040,receipt,real,line_items[].quantity,number,2,2,0.94,0.95,True,0.94
cord,receipt_040,receipt,real,line_items[].unit_price,money,"27,000","27,000",0.7,0.72,True,0.7
cord,receipt_040,receipt,real,line_items[].price,money,"54,000","54,000",0.95,0.97,True,0.95
cord,receipt_040,receipt,real,line_items[].name,text,"Bakery Aneka Sisir banana,Pizza,yoko,Mar mer,Daging,abon,keju,cokelat,dll","Bakery Aneka Sisir Banana,Pizza,yoko,Mar mer,Daging,abon,keju,cokelat,dll",0.7,0.72,True,0.7
cord,receipt_040,receipt,real,line_items[].quantity,number,2,2,0.94,0.95,True,0.94
cord,receipt_040,receipt,real,line_items[].unit_price,money,"7,000","7,000",0.95,0.97,True,0.95
cord,receipt_040,receipt,real,line_items[].price,money,"14,000","14,000",0.95,0.97,True,0.95
cord,receipt_041,receipt,real,subtotal_price,money,316017.00,316017.00,0.98,0.98,True,0.98
cord,receipt_041,receipt,real,service_price,money,48982.68,48982.68,0.97,0.97,True,0.97
cord,receipt_041,receipt,real,total_price,money,365000.00,365000.00,0.99,0.99,True,0.99
cord,receipt_041,receipt,real,line_items[].name,text,Chicken Maryland,Chicken Maryland,0.98,0.98,True,0.98
cord,receipt_041,receipt,real,line_items[].price,money,47619.00,47619.00,0.98,0.98,True,0.98
cord,receipt_041,receipt,real,line_items[].name,text,Cappucino (Hot/Iced),Cappucino (Hot/Iced),0.96,0.96,True,0.96
cord,receipt_041,receipt,real,line_items[].price,money,30303.00,30303.00,0.96,0.96,True,0.96
cord,receipt_041,receipt,real,line_items[].name,text,Naga Lychee Juice,Naga Lychee Juice,0.95,0.95,True,0.95
cord,receipt_041,receipt,real,line_items[].price,money,34632.00,34632.00,0.95,0.95,True,0.95
cord,receipt_041,receipt,real,line_items[].name,text,Cafe Latte,Cafe Latte,0.97,0.97,True,0.97
cord,receipt_041,receipt,real,line_items[].price,money,30303.00,30303.00,0.97,0.97,True,0.97
cord,receipt_041,receipt,real,line_items[].name,text,Hot Chocolate Marshmallo,Hot Chocolate Marshmallo,0.88,0.88,True,0.88
cord,receipt_041,receipt,real,line_items[].price,money,30303.00,30303.00,0.97,0.97,True,0.97
cord,receipt_041,receipt,real,line_items[].name,text,Chicken Cesar Salad,Chicken Cesar Salad,0.95,0.93,True,0.93
cord,receipt_041,receipt,real,line_items[].price,money,43290.00,43290.00,0.95,0.95,True,0.95
cord,receipt_041,receipt,real,line_items[].name,text,Mineral Water,Mineral Water,0.98,0.98,True,0.98
cord,receipt_041,receipt,real,line_items[].price,money,12987.00,12987.00,0.98,0.98,True,0.98
cord,receipt_041,receipt,real,line_items[].name,text,Mineral Water,Mineral Water,0.98,0.98,True,0.98
cord,receipt_041,receipt,real,line_items[].price,money,12987.00,12987.00,0.98,0.98,True,0.98
cord,receipt_041,receipt,real,line_items[].name,text,Lychee/Peach/Lemon/Mango,Lychee/Peach/Lemon/Mango,0.95,0.95,True,0.95
cord,receipt_041,receipt,real,line_items[].price,money,25974.00,25974.00,0.95,0.95,True,0.95
cord,receipt_041,receipt,real,line_items[].name,text,Chicken Maryland,Chicken Maryland,0.98,0.98,True,0.98
cord,receipt_041,receipt,real,line_items[].price,money,47619.00,47619.00,0.98,0.98,True,0.98
cord,receipt_042,receipt,real,subtotal_price,money,15.000,"15,000",0.98,0.98,True,0.98
cord,receipt_042,receipt,real,tax_price,money,1.500,"1,500",0.72,0.66,True,0.66
cord,receipt_042,receipt,real,total_price,money,16.500,"16,500",0.98,0.98,True,0.98
cord,receipt_042,receipt,real,cash_price,money,50.000,"50,000",0.98,0.98,True,0.98
cord,receipt_042,receipt,real,change_price,money,33.500,"33,500",0.97,0.95,True,0.95
cord,receipt_042,receipt,real,line_items[].name,text,"Chicken HCC, 1Pcs",Chicken HCC. 1Pcs,0.96,0.96,False,0.96
cord,receipt_042,receipt,real,line_items[].quantity,number,1,1,0.97,0.97,True,0.97
cord,receipt_042,receipt,real,line_items[].price,money,15.000,15.000,0.98,0.97,True,0.97
cord,receipt_043,receipt,real,subtotal_price,money,Rp165000.00,Rp 165000.00,0.99,0.99,True,0.99
cord,receipt_043,receipt,real,tax_price,money,Rp15000.00,Rp 15000.00,0.99,0.99,True,0.99
cord,receipt_043,receipt,real,total_price,money,Rp165000.00,Rp 165000.00,0.99,0.99,True,0.99
cord,receipt_043,receipt,real,cash_price,money,Rp200000.00,Rp 200000.00,0.99,0.99,True,0.99
cord,receipt_043,receipt,real,change_price,money,Rp35000.00,Rp 35000.00,0.99,0.99,True,0.99
cord,receipt_043,receipt,real,line_items[].name,text,Cheese Tart,Cheese Tart,0.99,0.99,True,0.99
cord,receipt_043,receipt,real,line_items[].quantity,number,6 Pcs,6,0.99,0.99,True,0.99
cord,receipt_043,receipt,real,line_items[].price,money,165000.00,165000.00,0.99,0.95,True,0.95
cord,receipt_043,receipt,real,line_items[].name,text,,Box of 6,,,False,
cord,receipt_043,receipt,real,line_items[].name,text,,PP Carrier,,,False,
cord,receipt_044,receipt,real,total_price,money,30.000,30.000,0.98,0.98,True,0.98
cord,receipt_044,receipt,real,cash_price,money,50.000,50.000,0.98,0.98,True,0.98
cord,receipt_044,receipt,real,change_price,money,20.000,20.000,0.98,0.97,True,0.97
cord,receipt_044,receipt,real,line_items[].name,text,Combo 1,Combo 1,0.97,0.97,True,0.97
cord,receipt_044,receipt,real,line_items[].quantity,number,1,1,0.97,0.96,True,0.96
cord,receipt_044,receipt,real,line_items[].price,money,30.000,30.000,0.98,0.97,True,0.97
cord,receipt_045,receipt,real,total_price,money,88.000,"88,000",0.98,0.98,True,0.98
cord,receipt_045,receipt,real,cash_price,money,88.000,88.000,0.98,0.98,True,0.98
cord,receipt_045,receipt,real,change_price,money,0,0,0.98,0.98,True,0.98
cord,receipt_045,receipt,real,line_items[].name,text,Lemon Tea (L).,Lemon Tea (L).,0.98,0.98,True,0.98
cord,receipt_045,receipt,real,line_items[].quantity,number,1,1,0.98,0.98,True,0.98
cord,receipt_045,receipt,real,line_items[].price,money,25.000,25.000,0.98,0.98,True,0.98
cord,receipt_045,receipt,real,line_items[].name,text,Mike & Ike Original,Mike & Ike Original,0.98,0.98,True,0.98
cord,receipt_045,receipt,real,line_items[].quantity,number,1,1,0.98,0.98,True,0.98
cord,receipt_045,receipt,real,line_items[].price,money,28.000,28.000,0.98,0.98,True,0.98
cord,receipt_045,receipt,real,line_items[].name,text,Mike & Berry,Mike & Berry,0.72,0.62,True,0.62
cord,receipt_045,receipt,real,line_items[].quantity,number,1,1,0.98,0.98,True,0.98
cord,receipt_045,receipt,real,line_items[].price,money,28.000,28.000,0.98,0.98,True,0.98
cord,receipt_045,receipt,real,line_items[].name,text,Roti Keju Manis.,Roti Keju Manis.,0.98,0.95,True,0.95
cord,receipt_045,receipt,real,line_items[].quantity,number,1,1,0.98,0.98,True,0.98
cord,receipt_045,receipt,real,line_items[].price,money,7.000,7.000,0.98,0.98,True,0.98
cord,receipt_046,receipt,real,total_price,money,"40,000","40,000",0.98,0.98,True,0.98
cord,receipt_046,receipt,real,cash_price,money,"40,000","40,000",0.98,0.98,True,0.98
cord,receipt_046,receipt,real,change_price,money,0,0,0.98,0.98,True,0.98
cord,receipt_046,receipt,real,line_items[].name,text,S-Bubble Milk Tea 100%,S-Bubble Milk Tea,0.97,0.97,False,0.97
cord,receipt_046,receipt,real,line_items[].quantity,number,1X,1X,0.98,0.98,True,0.98
cord,receipt_046,receipt,real,line_items[].unit_price,money,"20,000","@20,000",0.98,0.96,True,0.96
cord,receipt_046,receipt,real,line_items[].price,money,"20,000","20,000",0.98,0.97,True,0.97
cord,receipt_046,receipt,real,line_items[].name,text,S-Caramel Milk Tea 100%,100%,0.97,0.97,False,0.97
cord,receipt_046,receipt,real,line_items[].name,text,,S-Caramel Milk Tea,,,False,
cord,receipt_046,receipt,real,line_items[].quantity,number,,1X,,,False,
cord,receipt_046,receipt,real,line_items[].unit_price,money,,"@20,000",,,False,
cord,receipt_046,receipt,real,line_items[].price,money,,"20,000",,,False,
cord,receipt_046,receipt,real,line_items[].name,text,,100%,,,False,
cord,receipt_047,receipt,real,total_price,money,"63,000.00","63,000.00",0.99,0.99,True,0.99
cord,receipt_047,receipt,real,credit_card_price,money,"63,000.00","63,000.00",0.98,0.98,True,0.98
cord,receipt_047,receipt,real,line_items[].name,text,COPIA 1 /GB,COPIA 1 /GB,0.99,0.98,True,0.98
cord,receipt_047,receipt,real,line_items[].quantity,number,1,1,0.98,0.98,True,0.98
cord,receipt_047,receipt,real,line_items[].unit_price,money,"45,000.00","45,000.00",0.99,0.98,True,0.98
cord,receipt_047,receipt,real,line_items[].price,money,"45,000.00","45,000.00",0.99,0.98,True,0.98
cord,receipt_047,receipt,real,line_items[].name,text,PLASTIC BAG RED CENTRAL SI,PLASTIC BAG RED CENTRAL SI,0.98,0.97,True,0.97
cord,receipt_047,receipt,real,line_items[].quantity,number,1,1,0.98,0.98,True,0.98
cord,receipt_047,receipt,real,line_items[].unit_price,money,0.00,0.00,0.98,0.98,True,0.98
cord,receipt_047,receipt,real,line_items[].price,money,0.00,0.00,0.98,0.98,True,0.98
cord,receipt_047,receipt,real,line_items[].name,text,COPIA 1 /GB,COPIA 1 /GB,0.99,0.98,True,0.98
cord,receipt_047,receipt,real,line_items[].quantity,number,1,1,0.98,0.98,True,0.98
cord,receipt_047,receipt,real,line_items[].unit_price,money,"18,000.00","18,000.00",0.99,0.98,True,0.98
cord,receipt_047,receipt,real,line_items[].price,money,"18,000.00","18,000.00",0.99,0.98,True,0.98
cord,receipt_051,receipt,real,subtotal_price,money,"303,646","303,646",0.98,0.98,True,0.98
cord,receipt_051,receipt,real,tax_price,money,"30,365","30,365",0.98,0.98,True,0.98
cord,receipt_051,receipt,real,total_price,money,"334,000","334,000",0.98,0.98,True,0.98
cord,receipt_051,receipt,real,credit_card_price,money,"334,000","334,000",0.98,0.98,True,0.98
cord,receipt_051,receipt,real,line_items[].name,text,(TA) NASI GORENG TERI MEDAN,(TA) NASI GRG TERI MEDAN,0.95,0.96,False,0.95
cord,receipt_051,receipt,real,line_items[].quantity,number,4,4,0.97,0.97,True,0.97
cord,receipt_051,receipt,real,line_items[].price,money,"165,460","165,460",0.98,0.98,True,0.98
cord,receipt_051,receipt,real,line_items[].name,text,(TA) BIHUN GORENG SEAFOOD,(TA) BIHUN GORENG SEAFOOD,0.96,0.97,True,0.96
cord,receipt_051,receipt,real,line_items[].quantity,number,1,1,0.97,0.97,True,0.97
cord,receipt_051,receipt,real,line_items[].price,money,"40,456","40,456",0.98,0.98,True,0.98
cord,receipt_051,receipt,real,line_items[].name,text,(TA) KWETIAW SEAFOOD SIRAM,(TA) KWETIAW SEAFOOD SIRAM,0.96,0.97,True,0.96
cord,receipt_051,receipt,real,line_items[].quantity,number,1,1,0.97,0.97,True,0.97
cord,receipt_051,receipt,real,line_items[].price,money,"42,274","42,274",0.98,0.98,True,0.98
cord,receipt_051,receipt,real,line_items[].name,text,(TA) NASI GORENG,(TA) NASI GORENG,0.97,0.97,True,0.97
cord,receipt_051,receipt,real,line_items[].quantity,number,2,2,0.97,0.97,True,0.97
cord,receipt_051,receipt,real,line_items[].price,money,"55,456","55,456",0.98,0.98,True,0.98
cord,receipt_052,receipt,real,subtotal_price,money,40.000,40.000,0.99,0.99,True,0.99
cord,receipt_052,receipt,real,total_price,money,40.000,40.000,0.99,0.99,True,0.99
cord,receipt_052,receipt,real,cash_price,money,100.000,100.000,0.99,0.99,True,0.99
cord,receipt_052,receipt,real,change_price,money,60.000,60.000,0.99,0.99,True,0.99
cord,receipt_052,receipt,real,line_items[].name,text,THAI ICED TEA,THAI ICED TEA,0.99,0.99,True,0.99
cord,receipt_052,receipt,real,line_items[].quantity,number,1,1,0.98,0.97,True,0.97
cord,receipt_052,receipt,real,line_items[].unit_price,money,20.000,@20.000,0.98,0.97,True,0.97
cord,receipt_052,receipt,real,line_items[].price,money,20.000,20.000,0.99,0.99,True,0.99
cord,receipt_052,receipt,real,line_items[].name,text,THAI ICED TEA,THAI ICED TEA,0.99,0.99,True,0.99
cord,receipt_052,receipt,real,line_items[].quantity,number,1,1,0.98,0.97,True,0.97
cord,receipt_052,receipt,real,line_items[].unit_price,money,20.000,@20.000,0.98,0.97,True,0.97
cord,receipt_052,receipt,real,line_items[].price,money,20.000,20.000,0.99,0.99,True,0.99
cord,receipt_053,receipt,real,subtotal_price,money,107.000,107.000,0.99,0.99,True,0.99
cord,receipt_053,receipt,real,tax_price,money,11.235,11.235,0.99,0.99,True,0.99
cord,receipt_053,receipt,real,service_price,money,5.350,5.350,0.98,0.98,True,0.98
cord,receipt_053,receipt,real,total_price,money,123.585,123.585,0.99,0.99,True,0.99
cord,receipt_053,receipt,real,line_items[].name,text,Pecel Komplit + Nasi,Pecel Komplit + Nasi,0.98,0.98,True,0.98
cord,receipt_053,receipt,real,line_items[].quantity,number,1,1,0.98,0.98,True,0.98
cord,receipt_053,receipt,real,line_items[].price,money,42.000,42.000,0.98,0.98,True,0.98
cord,receipt_053,receipt,real,line_items[].name,text,SOTO KUDUS,SOTO KUDUS,0.99,0.99,True,0.99
cord,receipt_053,receipt,real,line_items[].quantity,number,1,1,0.98,0.98,True,0.98
cord,receipt_053,receipt,real,line_items[].price,money,47.000,47.000,0.98,0.98,True,0.98
cord,receipt_053,receipt,real,line_items[].name,text,Mineral Water,Mineral Water,0.98,0.98,True,0.98
cord,receipt_053,receipt,real,line_items[].quantity,number,2,2,0.98,0.98,True,0.98
cord,receipt_053,receipt,real,line_items[].price,money,18.000,18.000,0.98,0.9,True,0.9
cord,receipt_054,receipt,real,subtotal_price,money,"10,000","10,000",0.99,0.99,True,0.99
cord,receipt_054,receipt,real,total_price,money,"10,000","10,000",0.99,0.99,True,0.99
cord,receipt_054,receipt,real,cash_price,money,"10,000","10,000",0.99,0.99,True,0.99
cord,receipt_054,receipt,real,line_items[].name,text,KACANG MERAH,KACANG MERAH,0.99,0.99,True,0.99
cord,receipt_054,receipt,real,line_items[].price,money,"10,000","10,000",0.99,0.95,True,0.95
cord,receipt_055,receipt,real,total_price,money,"54,000","54,000",0.98,0.98,True,0.98
cord,receipt_055,receipt,real,credit_card_price,money,"54,000","54,000",0.97,0.98,True,0.97
cord,receipt_055,receipt,real,line_items[].name,text,APPLE CINNAMON PASTRY,APPLE CINNAMON PASTRY,0.98,0.98,True,0.98
cord,receipt_055,receipt,real,line_items[].quantity,number,1,1,0.97,0.98,True,0.97
cord,receipt_055,receipt,real,line_items[].price,money,"22,000","22,000",0.98,0.84,True,0.84
cord,receipt_055,receipt,real,line_items[].name,text,ROYAL CHEESE TART,ROYAL CHEESE TART,0.98,0.98,True,0.98
cord,receipt_055,receipt,real,line_items[].quantity,number,2,2,0.97,0.98,True,0.97
cord,receipt_055,receipt,real,line_items[].price,money,"32,000","32,000",0.98,0.55,True,0.55
cord,receipt_056,receipt,real,subtotal_price,money,"8,181","8,181",0.98,0.98,True,0.98
cord,receipt_056,receipt,real,tax_price,money,818,818,0.98,0.98,True,0.98
cord,receipt_056,receipt,real,total_price,money,"8,999","8,999",0.97,0.97,True,0.97
cord,receipt_056,receipt,real,cash_price,money,"10,000","10,000",0.98,0.98,True,0.98
cord,receipt_056,receipt,real,change_price,money,"1,001","1,001",0.98,0.98,True,0.98
cord,receipt_056,receipt,real,line_items[].name,text,AIR MINERAL,AIR MINERAL,0.98,0.97,True,0.97
cord,receipt_056,receipt,real,line_items[].price,money,"8,181","8,181",0.98,0.97,True,0.97
cord,receipt_058,receipt,real,subtotal_price,money,"55,000","55,000",0.95,0.97,True,0.95
cord,receipt_058,receipt,real,tax_price,money,"5,500","5,500",0.95,0.97,True,0.95
cord,receipt_058,receipt,real,total_price,money,"60,500","60,500",0.95,0.97,True,0.95
cord,receipt_058,receipt,real,change_price,money,"39,500","39,500",0.94,0.96,True,0.94
cord,receipt_058,receipt,real,line_items[].name,text,PHO BO TAI,PHO BO TAI,0.94,0.96,True,0.94
cord,receipt_058,receipt,real,line_items[].quantity,number,1,1,0.93,0.95,True,0.93
cord,receipt_058,receipt,real,line_items[].price,money,"55,000","55,000",0.95,0.96,True,0.95
cord,receipt_059,receipt,real,subtotal_price,money,"618,490","618,490",0.97,0.98,True,0.97
cord,receipt_059,receipt,real,tax_price,money,"61,849","61,849",0.97,0.98,True,0.97
cord,receipt_059,receipt,real,total_price,money,"680,500","680,500",0.98,0.98,True,0.98
cord,receipt_059,receipt,real,line_items[].name,text,Tahu Isi,Tahu Isi,0.95,0.97,True,0.95
cord,receipt_059,receipt,real,line_items[].quantity,number,2,2,0.95,0.97,True,0.95
cord,receipt_059,receipt,real,line_items[].price,money,"78,000","78,000",0.96,0.97,True,0.96
cord,receipt_059,receipt,real,line_items[].name,text,Tea,Tea,0.95,0.97,True,0.95
cord,receipt_059,receipt,real,line_items[].quantity,number,5,5,0.95,0.97,True,0.95
cord,receipt_059,receipt,real,line_items[].price,money,"30,000","30,000",0.96,0.97,True,0.96
cord,receipt_059,receipt,real,line_items[].name,text,Kepiting 7-8.4ons - Chilly 0.7,Kepiting 7-8.4ons - Chilly 0.7 1,0.72,0.78,False,0.72
cord,receipt_059,receipt,real,line_items[].quantity,number,1,1,0.9,0.94,True,0.9
cord,receipt_059,receipt,real,line_items[].price,money,"297,490","297,490",0.95,0.96,True,0.95
cord,receipt_059,receipt,real,line_items[].name,text,Udang Telur Asin - Regular,Udang Telur Asin - Regular,0.93,0.96,True,0.93
cord,receipt_059,receipt,real,line_items[].quantity,number,1,1,0.93,0.96,True,0.93
cord,receipt_059,receipt,real,line_items[].price,money,"47,500","47,500",0.95,0.97,True,0.95
cord,receipt_059,receipt,real,line_items[].name,text,Kailan 2 Rasa,Kailan 2 Rasa,0.94,0.97,True,0.94
cord,receipt_059,receipt,real,line_items[].quantity,number,1,1,0.94,0.97,True,0.94
cord,receipt_059,receipt,real,line_items[].price,money,"45,000","45,000",0.95,0.97,True,0.95
cord,receipt_059,receipt,real,line_items[].name,text,Mantau - 2 pcs,Mantau - 2 pcs,0.94,0.97,True,0.94
cord,receipt_059,receipt,real,line_items[].quantity,number,1,1,0.94,0.97,True,0.94
cord,receipt_059,receipt,real,line_items[].price,money,"25,000","25,000",0.94,0.96,True,0.94
cord,receipt_059,receipt,real,line_items[].name,text,Sweet Tea,Sweet Tea,0.93,0.96,True,0.93
cord,receipt_059,receipt,real,line_items[].quantity,number,2,2,0.93,0.96,True,0.93
cord,receipt_059,receipt,real,line_items[].price,money,"16,000","16,000",0.94,0.96,True,0.94
cord,receipt_059,receipt,real,line_items[].name,text,Nasi Putih,Nasi Putih,0.94,0.97,True,0.94
cord,receipt_059,receipt,real,line_items[].quantity,number,7,7,0.94,0.97,True,0.94
cord,receipt_059,receipt,real,line_items[].price,money,"42,000","42,000",0.95,0.97,True,0.95
cord,receipt_059,receipt,real,line_items[].name,text,Mantau - 3 pcs,Mantau - 3 pcs,0.94,0.97,True,0.94
cord,receipt_059,receipt,real,line_items[].quantity,number,1,1,0.94,0.97,True,0.94
cord,receipt_059,receipt,real,line_items[].price,money,"37,500","37,500",0.95,0.97,True,0.95
cord,receipt_060,receipt,real,subtotal_price,money,26.250,26.250,0.99,0.99,True,0.99
cord,receipt_060,receipt,real,total_price,money,26.250,26.250,0.99,0.99,True,0.99
cord,receipt_060,receipt,real,line_items[].name,text,Topping Milo Sparkle (untuk 1 Porsi),Topping Milo Sparkle (untuk 1 Po rsi),0.98,0.98,False,0.98
cord,receipt_060,receipt,real,line_items[].quantity,number,1x,1x,0.98,0.98,True,0.98
cord,receipt_060,receipt,real,line_items[].unit_price,money,1.250,1.250,0.97,0.97,True,0.97
cord,receipt_060,receipt,real,line_items[].price,money,1.250,1.250,0.97,0.97,True,0.97
cord,receipt_060,receipt,real,line_items[].name,text,Bola Ubi Mini Original (14 Pcs),Bola Ubi Mini Original (14 Pcs ),0.98,0.98,False,0.98
cord,receipt_060,receipt,real,line_items[].quantity,number,2x,2x,0.98,0.98,True,0.98
cord,receipt_060,receipt,real,line_items[].unit_price,money,12.500,12.500,0.72,0.95,True,0.72
cord,receipt_060,receipt,real,line_items[].price,money,25.000,25.000,0.98,0.98,True,0.98
cord,receipt_061,receipt,real,subtotal_price,money,"24,500","24,500",0.98,0.98,True,0.98
cord,receipt_061,receipt,real,total_price,money,"24,500","24,500",0.98,0.98,True,0.98
cord,receipt_061,receipt,real,credit_card_price,money,"24,500","24,500",0.97,0.93,True,0.93
cord,receipt_061,receipt,real,line_items[].name,text,TALAM UNGU,TALAM UNGU,0.98,0.98,True,0.98
cord,receipt_061,receipt,real,line_items[].quantity,number,1X,1x,0.98,0.98,True,0.98
cord,receipt_061,receipt,real,line_items[].unit_price,money,6500,6500,0.95,0.95,True,0.95
cord,receipt_061,receipt,real,line_items[].price,money,"6,500","6,500",0.98,0.98,True,0.98
cord,receipt_061,receipt,real,line_items[].name,text,DISC ITEM,AREM - AREM,0.98,0.98,False,0.98
cord,receipt_061,receipt,real,line_items[].quantity,number,,1X,,,False,
cord,receipt_061,receipt,real,line_items[].unit_price,money,,8000,,,False,
cord,receipt_061,receipt,real,line_items[].price,money,"-2,600","8,000",0.7,0.55,False,0.55
cord,receipt_061,receipt,real,line_items[].name,text,AREM - AREM,LEMPER,0.97,0.97,False,0.97
cord,receipt_061,receipt,real,line_items[].quantity,number,1X,2X,0.97,0.97,False,0.97
cord,receipt_061,receipt,real,line_items[].unit_price,money,8000,9000,0.95,0.95,False,0.95
cord,receipt_061,receipt,real,line_items[].price,money,"8,000","18,000",0.97,0.97,False,0.97
cord,receipt_061,receipt,real,line_items[].name,text,DISC ITEM,MIKA SEDANG,0.98,0.98,False,0.98
cord,receipt_061,receipt,real,line_items[].quantity,number,,1X,,,False,
cord,receipt_061,receipt,real,line_items[].unit_price,money,,0,,,False,
cord,receipt_061,receipt,real,line_items[].price,money,"-3,200",0,0.72,0.58,False,0.58
cord,receipt_061,receipt,real,line_items[].name,text,LEMPER,PLASTIK KECIL,0.98,0.98,False,0.98
cord,receipt_061,receipt,real,line_items[].quantity,number,2X,1X,0.98,0.98,False,0.98
cord,receipt_061,receipt,real,line_items[].unit_price,money,9000,0,0.95,0.95,False,0.95
cord,receipt_061,receipt,real,line_items[].price,money,"18,000",0,0.98,0.98,False,0.98
cord,receipt_061,receipt,real,line_items[].name,text,DISC ITEM,TEH KOTAK,0.98,0.98,False,0.98
cord,receipt_061,receipt,real,line_items[].quantity,number,,1X,,,False,
cord,receipt_061,receipt,real,line_items[].unit_price,money,,5000,,,False,
cord,receipt_061,receipt,real,line_items[].price,money,"-7,200","5,000",0.72,0.58,False,0.58
cord,receipt_062,receipt,real,total_price,money,48.000,48.000,0.98,0.98,True,0.98
cord,receipt_062,receipt,real,cash_price,money,50.000,50.000,0.98,0.98,True,0.98
cord,receipt_062,receipt,real,change_price,money,2.000,"2,000",0.97,0.97,True,0.97
cord,receipt_062,receipt,real,line_items[].name,text,XXI Java Tea (M),XXI Java Tea (M),0.97,0.97,True,0.97
cord,receipt_062,receipt,real,line_items[].quantity,number,1,1,0.97,0.97,True,0.97
cord,receipt_062,receipt,real,line_items[].price,money,18.000,18.000,0.97,0.97,True,0.97
cord,receipt_062,receipt,real,line_items[].name,text,Combo 2,Combo 2,0.98,0.98,True,0.98
cord,receipt_062,receipt,real,line_items[].quantity,number,1,1,0.97,0.97,True,0.97
cord,receipt_062,receipt,real,line_items[].price,money,30.000,30.000,0.98,0.98,True,0.98
cord,receipt_063,receipt,real,subtotal_price,money,57.000,57.000,0.98,0.98,True,0.98
cord,receipt_063,receipt,real,total_price,money,57.000,57.000,0.98,0.98,True,0.98
cord,receipt_063,receipt,real,cash_price,money,60.000,60.000,0.98,0.98,True,0.98
cord,receipt_063,receipt,real,change_price,money,3.000,3.000,0.98,0.98,True,0.98
cord,receipt_063,receipt,real,line_items[].name,text,Kopi Susu Kampung.,Kopi Susu Kampung.,0.98,0.98,True,0.98
cord,receipt_063,receipt,real,line_items[].quantity,number,x1,x1,0.97,0.97,True,0.97
cord,receipt_063,receipt,real,line_items[].price,money,19.000,19.000,0.98,0.98,True,0.98
cord,receipt_063,receipt,real,line_items[].name,text,Kopi Susu Kampung - Less Ice,Ice,0.18,0.12,False,0.12
cord,receipt_063,receipt,real,line_items[].name,text,Kopi Susu Kampung.,Kopi Susu Kampung Less Ice,0.98,0.98,False,0.98
cord,receipt_063,receipt,real,line_items[].price,money,38.000,0,0.98,0.98,False,0.98
cord,receipt_063,receipt,real,line_items[].name,text,,Kopi Susu Kampung.,,,False,
cord,receipt_063,receipt,real,line_items[].quantity,number,,x2,,,False,
cord,receipt_063,receipt,real,line_items[].price,money,,38.000,,,False,
cord,receipt_063,receipt,real,line_items[].name,text,,Ice,,,False,
cord,receipt_064,receipt,real,total_price,money,16.000,16.000,0.98,0.98,True,0.98
cord,receipt_064,receipt,real,cash_price,money,50.000,50.000,0.96,0.95,True,0.95
cord,receipt_064,receipt,real,change_price,money,34.000,34.000,0.96,0.96,True,0.96
cord,receipt_064,receipt,real,line_items[].name,text,SINGLE SCOOP,SINGLE SCOOP,0.97,0.97,True,0.97
cord,receipt_064,receipt,real,line_items[].price,money,16.000,16.000,0.98,0.97,True,0.97
cord,receipt_065,receipt,real,subtotal_price,money,13.000,13.000,0.98,0.98,True,0.98
cord,receipt_065,receipt,real,total_price,money,13.000,13.000,0.98,0.98,True,0.98
cord,receipt_065,receipt,real,line_items[].name,text,ubur Polos + Telur,Bubur Polos + Telur,0.72,0.72,False,0.72
cord,receipt_065,receipt,real,line_items[].quantity,number,,1,0.0,0.6,False,0.0
cord,receipt_065,receipt,real,line_items[].unit_price,money,13.000,13.000,0.93,0.88,True,0.88
cord,receipt_065,receipt,real,line_items[].price,money,13.000,13.000,0.98,0.97,True,0.97
cord,receipt_066,receipt,real,subtotal_price,money,"36,364","36,364",0.98,0.98,True,0.98
cord,receipt_066,receipt,real,tax_price,money,"3,636","3,636",0.97,0.96,True,0.96
cord,receipt_066,receipt,real,total_price,money,"40,000","40,000",0.98,0.98,True,0.98
cord,receipt_066,receipt,real,cash_price,money,"50,000","50,000",0.98,0.98,True,0.98
cord,receipt_066,receipt,real,change_price,money,"10,000","10,000",0.98,0.98,True,0.98
cord,receipt_066,receipt,real,line_items[].name,text,PILLOW DURIA,PILLOW DURIA,0.95,0.95,True,0.95
cord,receipt_066,receipt,real,line_items[].price,money,"36,364","36,364",0.97,0.96,True,0.96
cord,receipt_066,receipt,real,line_items[].name,text,PLASTIK 25,PLASTIK 25,0.98,0.98,True,0.98
cord,receipt_066,receipt,real,line_items[].price,money,0,0,0.97,0.97,True,0.97
cord,receipt_067,receipt,real,total_price,money,"9.500,00","9.500,00",0.98,0.98,True,0.98
cord,receipt_067,receipt,real,cash_price,money,"9.500,00","9.500,00",0.98,0.98,True,0.98
cord,receipt_067,receipt,real,line_items[].name,text,2005-CHEESE JOHN,CHEESE JOHN,0.96,0.95,False,0.95
cord,receipt_067,receipt,real,line_items[].quantity,number,1,x1,0.96,0.98,True,0.96
cord,receipt_067,receipt,real,line_items[].unit_price,money,"9.500,00","9.500,00",0.98,0.97,True,0.97
cord,receipt_067,receipt,real,line_items[].price,money,"9.500,00","9.500,00",0.98,0.97,True,0.97
cord,receipt_068,receipt,real,total_price,money,"20,000","20,000",0.98,0.98,True,0.98
cord,receipt_068,receipt,real,cash_price,money,"50,000","50,000",0.98,0.98,True,0.98
cord,receipt_068,receipt,real,change_price,money,"30,000","30,000",0.98,0.98,True,0.98
cord,receipt_068,receipt,real,line_items[].name,text,ICED TT,ICED TT,0.95,0.94,True,0.94
cord,receipt_068,receipt,real,line_items[].price,money,"20,000","20,000",0.98,0.97,True,0.97
cord,receipt_069,receipt,real,total_price,money,"74,000","74,000",0.98,0.98,True,0.98
cord,receipt_069,receipt,real,cash_price,money,"100,000","100,000",0.97,0.98,True,0.97
cord,receipt_069,receipt,real,change_price,money,"26,000","26,000",0.98,0.98,True,0.98
cord,receipt_069,receipt,real,line_items[].name,text,[MD] SOFT MORNING ROLL,[MD] SOFT MORNING ROLL,0.97,0.97,True,0.97
cord,receipt_069,receipt,real,line_items[].quantity,number,1,1,0.97,0.97,True,0.97
cord,receipt_069,receipt,real,line_items[].price,money,"18,000","18,000",0.97,0.94,True,0.94
cord,receipt_069,receipt,real,line_items[].name,text,REAL HONEY PANCAKE BREAD,REAL HONEY PANCAKE BREAD,0.98,0.98,True,0.98
cord,receipt_069,receipt,real,line_items[].quantity,number,2,2,0.98,0.98,True,0.98
cord,receipt_069,receipt,real,line_items[].price,money,"20,000","20,000",0.98,0.35,True,0.35
cord,receipt_069,receipt,real,line_items[].name,text,CUSTARD BRIOCHE,CUSTARD BRIOCHE,0.98,0.98,True,0.98
cord,receipt_069,receipt,real,line_items[].quantity,number,4,4,0.98,0.98,True,0.98
cord,receipt_069,receipt,real,line_items[].price,money,"36,000","36,000",0.98,0.35,True,0.35
cord,receipt_070,receipt,real,subtotal_price,money,"1,343,000","1,343,000",0.995,0.995,True,0.995
cord,receipt_070,receipt,real,tax_price,money,"142,358","142,358",0.995,0.995,True,0.995
cord,receipt_070,receipt,real,service_price,money,"80,580","80,580",0.995,0.995,True,0.995
cord,receipt_070,receipt,real,total_price,money,"1,565,938","1,565,938",0.995,0.995,True,0.995
cord,receipt_070,receipt,real,line_items[].name,text,UDANG RE =*LARGE*==,UDANG RE,0.15,0.2,False,0.15
cord,receipt_070,receipt,real,line_items[].quantity,number,2,2,0.995,0.995,True,0.995
cord,receipt_070,receipt,real,line_items[].unit_price,money,"216,000","216,000",0.995,0.995,True,0.995
cord,receipt_070,receipt,real,line_items[].price,money,"432,000","432,000",0.995,0.995,True,0.995
cord,receipt_070,receipt,real,line_items[].name,text,AYM GR JUN NJAN =*MEDIUM*=,=*LARGE*==,0.2,0.25,False,0.2
cord,receipt_070,receipt,real,line_items[].quantity,number,1,2,0.995,0.995,False,0.995
cord,receipt_070,receipt,real,line_items[].name,text,SAPO TH SEAFOOD =*LARGE*==,AYM GR JUN NJAN,0.2,0.25,False,0.2
cord,receipt_070,receipt,real,line_items[].quantity,number,1,1,0.995,0.995,True,0.995
cord,receipt_070,receipt,real,line_items[].price,money,"172,000","108,000",0.97,0.97,False,0.97
cord,receipt_070,receipt,real,line_items[].name,text,POCAI 3 =*MEDIUM*=,=*MEDIUM*=,0.2,0.25,False,0.2
cord,receipt_070,receipt,real,line_items[].name,text,GURAME FILLET M ASAM MANIS,SAPO TH SEAFOOD,0.75,0.82,False,0.75
cord,receipt_070,receipt,real,line_items[].quantity,number,1,1,0.995,0.995,True,0.995
cord,receipt_070,receipt,real,line_items[].price,money,"163,000","172,000",0.97,0.97,False,0.97
cord,receipt_070,receipt,real,line_items[].name,text,BIHUN GORENG JJ =*LARGE*==,=*LARGE*==,0.2,0.25,False,0.2
cord,receipt_070,receipt,real,line_items[].name,text,ICED TEA,POCAI 3,0.995,0.995,False,0.995
cord,receipt_070,receipt,real,line_items[].quantity,number,5,2,0.995,0.995,False,0.995
cord,receipt_070,receipt,real,line_items[].unit_price,money,"12,000","111,000",0.995,0.995,False,0.995
cord,receipt_070,receipt,real,line_items[].price,money,"60,000",222.000,0.995,0.995,False,0.995
cord,receipt_070,receipt,real,line_items[].name,text,NASI PUTIH,=*MEDIUM*=,0.995,0.995,False,0.995
cord,receipt_070,receipt,real,line_items[].quantity,number,7,2,0.995,0.995,False,0.995
cord,receipt_070,receipt,real,line_items[].name,text,,GURAME FILLET M,,,False,
cord,receipt_070,receipt,real,line_items[].quantity,number,,1,,,False,
cord,receipt_070,receipt,real,line_items[].price,money,,"163,000",,,False,
cord,receipt_070,receipt,real,line_items[].name,text,,ASAM MANIS,,,False,
cord,receipt_070,receipt,real,line_items[].name,text,,BIHUN GORENG JJ,,,False,
cord,receipt_070,receipt,real,line_items[].quantity,number,,1,,,False,
cord,receipt_070,receipt,real,line_items[].price,money,,"116,000",,,False,
cord,receipt_070,receipt,real,line_items[].name,text,,=*LARGE*==,,,False,
cord,receipt_070,receipt,real,line_items[].name,text,,ICED TEA,,,False,
cord,receipt_070,receipt,real,line_items[].quantity,number,,5,,,False,
cord,receipt_070,receipt,real,line_items[].unit_price,money,,"12,000",,,False,
cord,receipt_070,receipt,real,line_items[].price,money,,"60,000",,,False,
cord,receipt_070,receipt,real,line_items[].name,text,,NASI PUTIH,,,False,
cord,receipt_070,receipt,real,line_items[].quantity,number,,7,,,False,
cord,receipt_070,receipt,real,line_items[].unit_price,money,,"10,000",,,False,
cord,receipt_070,receipt,real,line_items[].price,money,,"70,000",,,False,
cord,receipt_071,receipt,real,total_price,money,,198000,0.0,0.3,False,0.0
cord,receipt_071,receipt,real,cash_price,money,200200,200200,0.98,0.98,True,0.98
cord,receipt_071,receipt,real,change_price,money,22000,22000,0.98,0.98,True,0.98
cord,receipt_071,receipt,real,line_items[].name,text,Cuka Apel Tetes,Cuka Apel Tetes,0.95,0.96,True,0.95
cord,receipt_071,receipt,real,line_items[].quantity,number,1,1,0.96,0.96,True,0.96
cord,receipt_071,receipt,real,line_items[].unit_price,money,198000,198000,0.98,0.97,True,0.97
cord,receipt_071,receipt,real,line_items[].price,money,198000,198000,0.98,0.97,True,0.97
cord,receipt_072,receipt,real,subtotal_price,money,"15,909","15,909",0.98,0.98,True,0.98
cord,receipt_072,receipt,real,tax_price,money,"1,591","1,591",0.98,0.97,True,0.97
cord,receipt_072,receipt,real,total_price,money,"17,500","17,500",0.98,0.98,True,0.98
cord,receipt_072,receipt,real,cash_price,money,"20,000","20,000",0.98,0.98,True,0.98
cord,receipt_072,receipt,real,change_price,money,"2,500","2,500",0.98,0.98,True,0.98
cord,receipt_072,receipt,real,line_items[].name,text,Choco Devil,Choco Devil,0.97,0.97,True,0.97
cord,receipt_072,receipt,real,line_items[].quantity,number,1,1,0.97,0.97,True,0.97
cord,receipt_072,receipt,real,line_items[].price,money,"15,909","15,909",0.98,0.97,True,0.97
cord,receipt_073,receipt,real,total_price,money,22.000,22.000,0.98,0.98,True,0.98
cord,receipt_073,receipt,real,cash_price,money,25.000,25.000,0.97,0.95,True,0.95
cord,receipt_073,receipt,real,change_price,money,3.000,3.000,0.97,0.97,True,0.97
cord,receipt_073,receipt,real,line_items[].name,text,1001-Choco Bun,1001-Choco Bun,0.98,0.98,True,0.98
cord,receipt_073,receipt,real,line_items[].quantity,number,1,x1,0.96,0.97,True,0.96
cord,receipt_073,receipt,real,line_items[].unit_price,money,22.000,22.000,0.97,0.97,True,0.97
cord,receipt_073,receipt,real,line_items[].price,money,22.000,22.000,0.97,0.97,True,0.97
cord,receipt_073,receipt,real,line_items[].name,text,6001-Plastic Bag Small,6001-Plastic Bag Small,0.98,0.98,True,0.98
cord,receipt_073,receipt,real,line_items[].quantity,number,1,x1,0.95,0.96,True,0.95
cord,receipt_073,receipt,real,line_items[].unit_price,money,0,0,0.95,0.96,True,0.95
cord,receipt_073,receipt,real,line_items[].price,money,0,0,0.95,0.96,True,0.95
cord,receipt_074,receipt,real,subtotal_price,money,"278,000","278,000",0.98,0.98,True,0.98
cord,receipt_074,receipt,real,tax_price,money,"30,024","30,024",0.98,0.98,True,0.98
cord,receipt_074,receipt,real,service_price,money,"22,240","22,240",0.98,0.98,True,0.98
cord,receipt_074,receipt,real,total_price,money,"330,264","330,264",0.97,0.95,True,0.95
cord,receipt_074,receipt,real,line_items[].name,text,BLACKCURRANT,BLACKCURRANT,0.98,0.98,True,0.98
cord,receipt_074,receipt,real,line_items[].quantity,number,1,1,0.98,0.98,True,0.98
cord,receipt_074,receipt,real,line_items[].price,money,"32,000","32,000",0.98,0.98,True,0.98
cord,receipt_074,receipt,real,line_items[].name,text,SPRITE,SPRITE,0.98,0.98,True,0.98
cord,receipt_074,receipt,real,line_items[].quantity,number,1,1,0.98,0.98,True,0.98
cord,receipt_074,receipt,real,line_items[].price,money,"32,000","32,000",0.98,0.98,True,0.98
cord,receipt_074,receipt,real,line_items[].name,text,GRILLED CALAMARI,GRILLED CALAMARI,0.98,0.98,True,0.98
cord,receipt_074,receipt,real,line_items[].quantity,number,1,1,0.98,0.98,True,0.98
cord,receipt_074,receipt,real,line_items[].price,money,"85,000","85,000",0.98,0.98,True,0.98
cord,receipt_074,receipt,real,line_items[].name,text,DINE FOR 2,DINE FOR 2,0.98,0.98,True,0.98
cord,receipt_074,receipt,real,line_items[].quantity,number,1,1,0.98,0.98,True,0.98
cord,receipt_074,receipt,real,line_items[].price,money,"129,000","129,000",0.98,0.98,True,0.98
cord,receipt_074,receipt,real,line_items[].name,text,* DANISH FISH & CHIPS DF,* DANISH FISH & CHIPS DF,0.97,0.97,True,0.97
cord,receipt_074,receipt,real,line_items[].name,text,* NEW YORK FISH & CHIPS,* NEW YORK FISH & CHIPS,0.97,0.97,True,0.97
cord,receipt_075,receipt,real,subtotal_price,money,"256,363","256,363",0.96,0.97,True,0.96
cord,receipt_075,receipt,real,tax_price,money,"25,637","25,637",0.95,0.97,True,0.95
cord,receipt_075,receipt,real,total_price,money,"282,000","282,000",0.98,0.98,True,0.98
cord,receipt_075,receipt,real,line_items[].name,text,CHOCO PUFF,CHOCO PUFF,0.96,0.97,True,0.96
cord,receipt_075,receipt,real,line_items[].quantity,number,1,1,0.97,0.97,True,0.97
cord,receipt_075,receipt,real,line_items[].price,money,"29,091","29,091",0.96,0.97,True,0.96
cord,receipt_075,receipt,real,line_items[].name,text,CREAMY BEEF CLS FTC,CREAMY BEEF CLS FTC,0.94,0.95,True,0.94
cord,receipt_075,receipt,real,line_items[].quantity,number,1,1,0.97,0.97,True,0.97
cord,receipt_075,receipt,real,line_items[].price,money,"42,727","42,727",0.95,0.96,True,0.95
cord,receipt_075,receipt,real,line_items[].name,text,NEW ORIENTAL CHK RICE,NEW ORIENTAL CHK RICE,0.93,0.95,True,0.93
cord,receipt_075,receipt,real,line_items[].quantity,number,1,1,0.97,0.97,True,0.97
cord,receipt_075,receipt,real,line_items[].price,money,"34,545","34,545",0.95,0.96,True,0.95
cord,receipt_075,receipt,real,line_items[].name,text,LIPTON PITCHER,LIPTON PITCHER,0.95,0.96,True,0.95
cord,receipt_075,receipt,real,line_items[].quantity,number,1,1,0.97,0.97,True,0.97
cord,receipt_075,receipt,real,line_items[].price,money,"54,545","54,545",0.95,0.96,True,0.95
cord,receipt_075,receipt,real,line_items[].name,text,SC/P SUPER SUPREME,SC/P SUPER SUPREME,0.9,0.93,True,0.9
cord,receipt_075,receipt,real,line_items[].quantity,number,1,1,0.97,0.97,True,0.97
cord,receipt_075,receipt,real,line_items[].price,money,"47,273","47,273",0.95,0.96,True,0.95
cord,receipt_075,receipt,real,line_items[].name,text,CB/P BLACK PEPP BEEF,CB/P BLACK PEPP BEEF,0.89,0.92,True,0.89
cord,receipt_075,receipt,real,line_items[].quantity,number,1,1,0.97,0.97,True,0.97
cord,receipt_075,receipt,real,line_items[].price,money,"48,182","48,182",0.95,0.96,True,0.95
cord,receipt_077,receipt,real,subtotal_price,money,"17,000","17,000",0.99,0.99,True,0.99
cord,receipt_077,receipt,real,total_price,money,"17,000","17,000",0.99,0.99,True,0.99
cord,receipt_077,receipt,real,cash_price,money,"22,000","22,000",0.99,0.99,True,0.99
cord,receipt_077,receipt,real,change_price,money,"5,000","5,000",0.99,0.99,True,0.99
cord,receipt_077,receipt,real,line_items[].name,text,TRIPPLE CHEESE,TRIPPLE CHEESE,0.97,0.97,True,0.97
cord,receipt_077,receipt,real,line_items[].quantity,number,1,1 x,0.98,0.98,True,0.98
cord,receipt_077,receipt,real,line_items[].unit_price,money,"17,000","17,000",0.99,0.97,True,0.97
cord,receipt_077,receipt,real,line_items[].price,money,"17,000","17,000",0.99,0.99,True,0.99
cord,receipt_078,receipt,real,total_price,money,30.000,30.000,0.995,0.995,True,0.995
cord,receipt_078,receipt,real,cash_price,money,30.000,30.000,0.995,0.995,True,0.995
cord,receipt_078,receipt,real,change_price,money,0,0,0.995,0.995,True,0.995
cord,receipt_078,receipt,real,line_items[].name,text,Lemon Tea (L),Lemon Tea (L),0.995,0.995,True,0.995
cord,receipt_078,receipt,real,line_items[].quantity,number,1,1,0.995,0.995,True,0.995
cord,receipt_078,receipt,real,line_items[].price,money,25.000,25.000,0.995,0.995,True,0.995
cord,receipt_078,receipt,real,line_items[].name,text,Extra Jelly Lychee,Extra Jelly Lychee,0.995,0.995,True,0.995
cord,receipt_078,receipt,real,line_items[].quantity,number,1,1,0.995,0.995,True,0.995
cord,receipt_078,receipt,real,line_items[].price,money,5.000,5.000,0.995,0.995,True,0.995
cord,receipt_079,receipt,real,total_price,money,22.000,22.000,0.95,0.94,True,0.94
cord,receipt_079,receipt,real,cash_price,money,22.000,22.000,0.93,0.92,True,0.92
cord,receipt_079,receipt,real,line_items[].name,text,1001-Choco Bun,1001-Choco Bun,0.98,0.98,True,0.98
cord,receipt_079,receipt,real,line_items[].quantity,number,1,x1,0.95,0.96,True,0.95
cord,receipt_079,receipt,real,line_items[].unit_price,money,22.000,22.000,0.95,0.95,True,0.95
cord,receipt_079,receipt,real,line_items[].price,money,22.000,22.000,0.93,0.95,True,0.93
cord,receipt_079,receipt,real,line_items[].name,text,6001-Plastic Bag Small,6001-Plastic Bag Small,0.98,0.98,True,0.98
cord,receipt_079,receipt,real,line_items[].quantity,number,1,x1,0.94,0.95,True,0.94
cord,receipt_079,receipt,real,line_items[].unit_price,money,0,0,0.9,0.93,True,0.9
cord,receipt_079,receipt,real,line_items[].price,money,0,0,0.88,0.92,True,0.88
cord,receipt_080,receipt,real,subtotal_price,money,25.000,25.000,0.98,0.98,True,0.98
cord,receipt_080,receipt,real,total_price,money,25.000,25.000,0.98,0.98,True,0.98
cord,receipt_080,receipt,real,cash_price,money,25.000,25.000,0.98,0.98,True,0.98
cord,receipt_080,receipt,real,change_price,money,0,0,0.97,0.98,True,0.97
cord,receipt_080,receipt,real,line_items[].name,text,"Viet Milk Coffee
+Ice
+M",Viet Milk Coffee,0.97,0.95,False,0.95
cord,receipt_080,receipt,real,line_items[].quantity,number,1,1,0.98,0.98,True,0.98
cord,receipt_080,receipt,real,line_items[].price,money,25.000,"25,000",0.98,0.97,True,0.97
cord,receipt_080,receipt,real,line_items[].name,text,,+Ice,,,False,
cord,receipt_080,receipt,real,line_items[].name,text,,+M,,,False,
cord,receipt_081,receipt,real,total_price,money,50.000,50.000,0.98,0.98,True,0.98
cord,receipt_081,receipt,real,line_items[].name,text,3002-Kyoto Choco Mochi,3002-Kyoto Choco Mochi,0.98,0.98,True,0.98
cord,receipt_081,receipt,real,line_items[].quantity,number,2,x2,0.97,0.98,True,0.97
cord,receipt_081,receipt,real,line_items[].unit_price,money,14.000,14.000,0.97,0.98,True,0.97
cord,receipt_081,receipt,real,line_items[].price,money,28.000,28.000,0.97,0.98,True,0.97
cord,receipt_081,receipt,real,line_items[].name,text,1001-Choco Bun,1001-Choco Bun,0.98,0.98,True,0.98
cord,receipt_081,receipt,real,line_items[].quantity,number,1,x1,0.97,0.98,True,0.97
cord,receipt_081,receipt,real,line_items[].unit_price,money,22.000,22.000,0.97,0.98,True,0.97
cord,receipt_081,receipt,real,line_items[].price,money,22.000,22.000,0.97,0.98,True,0.97
cord,receipt_081,receipt,real,line_items[].name,text,6001-Plastic Bag Small,6001-Plastic Bag Small,0.98,0.98,True,0.98
cord,receipt_081,receipt,real,line_items[].quantity,number,1,x1,0.97,0.98,True,0.97
cord,receipt_081,receipt,real,line_items[].unit_price,money,0,0,0.95,0.97,True,0.95
cord,receipt_081,receipt,real,line_items[].price,money,0,0,0.95,0.97,True,0.95
cord,receipt_082,receipt,real,subtotal_price,money,"385,000","385,000",0.99,0.99,True,0.99
cord,receipt_082,receipt,real,total_price,money,"385,000","385,000",0.99,0.99,True,0.99
cord,receipt_082,receipt,real,change_price,money,0,0,0.99,0.99,True,0.99
cord,receipt_082,receipt,real,credit_card_price,money,"385,000","385,000",0.99,0.99,True,0.99
cord,receipt_082,receipt,real,line_items[].name,text,Chocolate Log Cake,Chocolate Log Cake,0.99,0.99,True,0.99
cord,receipt_082,receipt,real,line_items[].quantity,number,1x,1x,0.99,0.99,True,0.99
cord,receipt_082,receipt,real,line_items[].unit_price,money,"115,000","115,000",0.99,0.99,True,0.99
cord,receipt_082,receipt,real,line_items[].price,money,"115,000","115,000",0.99,0.99,True,0.99
cord,receipt_082,receipt,real,line_items[].name,text,Snowman Cake Chocolate,Snowman Cake Chocolate,0.99,0.99,True,0.99
cord,receipt_082,receipt,real,line_items[].quantity,number,1x,1x,0.99,0.99,True,0.99
cord,receipt_082,receipt,real,line_items[].unit_price,money,"60,000","60,000",0.99,0.99,True,0.99
cord,receipt_082,receipt,real,line_items[].price,money,"60,000","60,000",0.99,0.99,True,0.99
cord,receipt_082,receipt,real,line_items[].name,text,Strawberry Log Cake,Strawberry Log Cake,0.99,0.99,True,0.99
cord,receipt_082,receipt,real,line_items[].quantity,number,2x,2x,0.99,0.99,True,0.99
cord,receipt_082,receipt,real,line_items[].unit_price,money,"105,000","105,000",0.99,0.99,True,0.99
cord,receipt_082,receipt,real,line_items[].price,money,"210,000","210,000",0.99,0.99,True,0.99
cord,receipt_083,receipt,real,subtotal_price,money,20.909,"20,909",0.98,0.98,True,0.98
cord,receipt_083,receipt,real,tax_price,money,2.091,"2,091",0.97,0.97,True,0.97
cord,receipt_083,receipt,real,total_price,money,23.000,"23,000",0.98,0.98,True,0.98
cord,receipt_083,receipt,real,cash_price,money,25.000,25.000,0.97,0.96,True,0.96
cord,receipt_083,receipt,real,change_price,money,2.000,2.000,0.97,0.97,True,0.97
cord,receipt_083,receipt,real,line_items[].name,text,COOKIES AND CREAM,COOKIES AND CREAM,0.98,0.98,True,0.98
cord,receipt_083,receipt,real,line_items[].quantity,number,1,1,0.98,0.98,True,0.98
cord,receipt_083,receipt,real,line_items[].price,money,20.909,"20,909",0.98,0.98,True,0.98
cord,receipt_084,receipt,real,subtotal_price,money,36.000,Rp 36.000,0.99,0.99,True,0.99
cord,receipt_084,receipt,real,tax_price,money,3.600,Rp 3.600,0.99,0.99,True,0.99
cord,receipt_084,receipt,real,total_price,money,39.600,Rp 39.600,0.99,0.99,True,0.99
cord,receipt_084,receipt,real,line_items[].name,text,Kroket,Kroket,0.99,0.99,True,0.99
cord,receipt_084,receipt,real,line_items[].quantity,number,1x,1x,0.99,0.99,True,0.99
cord,receipt_084,receipt,real,line_items[].unit_price,money,12.000,@ 12.000,0.99,0.99,True,0.99
cord,receipt_084,receipt,real,line_items[].price,money,12.000,12.000,0.99,0.99,True,0.99
cord,receipt_084,receipt,real,line_items[].name,text,Arem Arem,Arem Arem,0.99,0.99,True,0.99
cord,receipt_084,receipt,real,line_items[].quantity,number,2x,2x,0.99,0.99,True,0.99
cord,receipt_084,receipt,real,line_items[].unit_price,money,12.000,@ 12.000,0.99,0.99,True,0.99
cord,receipt_084,receipt,real,line_items[].price,money,24.000,24.000,0.99,0.99,True,0.99
cord,receipt_085,receipt,real,subtotal_price,money,179.500,179.500,0.998,0.998,True,0.998
cord,receipt_085,receipt,real,tax_price,money,17.950,17.950,0.998,0.998,True,0.998
cord,receipt_085,receipt,real,total_price,money,197.450,197.450,0.998,0.998,True,0.998
cord,receipt_085,receipt,real,cash_price,money,197.450,197.450,0.998,0.998,True,0.998
cord,receipt_085,receipt,real,line_items[].name,text,Nasi Putih,Nasi Putih,0.998,0.998,True,0.998
cord,receipt_085,receipt,real,line_items[].quantity,number,3,3,0.998,0.998,True,0.998
cord,receipt_085,receipt,real,line_items[].price,money,30.000,30.000,0.998,0.98,True,0.98
cord,receipt_085,receipt,real,line_items[].name,text,Nasi Tambah,Nasi Tambah,0.998,0.998,True,0.998
cord,receipt_085,receipt,real,line_items[].quantity,number,1,1,0.998,0.998,True,0.998
cord,receipt_085,receipt,real,line_items[].price,money,7.000,7.000,0.998,0.98,True,0.98
cord,receipt_085,receipt,real,line_items[].name,text,Ayam Pop,Ayam Pop,0.998,0.998,True,0.998
cord,receipt_085,receipt,real,line_items[].quantity,number,2,2,0.998,0.998,True,0.998
cord,receipt_085,receipt,real,line_items[].price,money,40.000,40.000,0.998,0.98,True,0.98
cord,receipt_085,receipt,real,line_items[].name,text,Samabal SP,Samabal SP,0.94,0.55,True,0.55
cord,receipt_085,receipt,real,line_items[].quantity,number,1,1,0.998,0.998,True,0.998
cord,receipt_085,receipt,real,line_items[].price,money,11.000,11.000,0.998,0.98,True,0.98
cord,receipt_085,receipt,real,line_items[].name,text,Sambal Gabus Asin Cb,Sambal Gabus Asin Cb,0.985,0.985,True,0.985
cord,receipt_085,receipt,real,line_items[].quantity,number,1,1,0.998,0.998,True,0.998
cord,receipt_085,receipt,real,line_items[].price,money,18.000,18.000,0.998,0.98,True,0.98
cord,receipt_085,receipt,real,line_items[].name,text,Kerupuk Kuah,Kerupuk Kuah,0.998,0.998,True,0.998
cord,receipt_085,receipt,real,line_items[].quantity,number,1,1,0.998,0.998,True,0.998
cord,receipt_085,receipt,real,line_items[].price,money,15.000,15.000,0.998,0.98,True,0.98
cord,receipt_085,receipt,real,line_items[].name,text,Ikan Bawal Besa,Ikan Bawal Besa,0.93,0.72,True,0.72
cord,receipt_085,receipt,real,line_items[].quantity,number,1,1,0.998,0.998,True,0.998
cord,receipt_085,receipt,real,line_items[].price,money,28.500,28.500,0.998,0.98,True,0.98
cord,receipt_085,receipt,real,line_items[].name,text,Telur Dadar,Telur Dadar,0.998,0.998,True,0.998
cord,receipt_085,receipt,real,line_items[].quantity,number,1,1,0.998,0.998,True,0.998
cord,receipt_085,receipt,real,line_items[].price,money,10.000,10.000,0.998,0.98,True,0.98
cord,receipt_085,receipt,real,line_items[].name,text,Teh Es,Teh Es,0.998,0.998,True,0.998
cord,receipt_085,receipt,real,line_items[].quantity,number,1,1,0.998,0.998,True,0.998
cord,receipt_085,receipt,real,line_items[].price,money,7.000,7.000,0.998,0.98,True,0.98
cord,receipt_085,receipt,real,line_items[].name,text,Teh Manis,Teh Manis,0.998,0.998,True,0.998
cord,receipt_085,receipt,real,line_items[].quantity,number,1,1,0.998,0.998,True,0.998
cord,receipt_085,receipt,real,line_items[].price,money,9.000,9.000,0.998,0.98,True,0.98
cord,receipt_085,receipt,real,line_items[].name,text,Es Batu,Es Batu,0.998,0.998,True,0.998
cord,receipt_085,receipt,real,line_items[].quantity,number,1,1,0.998,0.998,True,0.998
cord,receipt_085,receipt,real,line_items[].price,money,4.000,4.000,0.998,0.98,True,0.98
cord,receipt_086,receipt,real,subtotal_price,money,"22,000","22,000",0.98,0.98,True,0.98
cord,receipt_086,receipt,real,total_price,money,"22,000","22,000",0.98,0.98,True,0.98
cord,receipt_086,receipt,real,cash_price,money,"52,000","52,000",0.98,0.98,True,0.98
cord,receipt_086,receipt,real,change_price,money,"30,000","30,000",0.98,0.98,True,0.98
cord,receipt_086,receipt,real,line_items[].name,text,Choezemania,Cheezemania,0.74,0.68,False,0.68
cord,receipt_086,receipt,real,line_items[].quantity,number,1,1,0.95,0.96,True,0.95
cord,receipt_086,receipt,real,line_items[].price,money,"9,500","9,500",0.98,0.98,True,0.98
cord,receipt_086,receipt,real,line_items[].name,text,Mamamia,Mamamia,0.9,0.91,True,0.9
cord,receipt_086,receipt,real,line_items[].quantity,number,1,1,0.95,0.96,True,0.95
cord,receipt_086,receipt,real,line_items[].price,money,"12,500","12,500",0.98,0.98,True,0.98
cord,receipt_087,receipt,real,subtotal_price,money,"36,500","36,500",0.95,0.95,True,0.95
cord,receipt_087,receipt,real,tax_price,money,"3,650","3,650",0.95,0.94,True,0.94
cord,receipt_087,receipt,real,total_price,money,"40,150","40,150",0.97,0.97,True,0.97
cord,receipt_087,receipt,real,credit_card_price,money,"40,150","40,150",0.97,0.96,True,0.96
cord,receipt_087,receipt,real,line_items[].name,text,PHO TAI CHIN,PHOTAI CHIN,0.72,0.68,False,0.68
cord,receipt_087,receipt,real,line_items[].quantity,number,1,1,0.93,0.95,True,0.93
cord,receipt_087,receipt,real,line_items[].price,money,"36,500","36,500",0.95,0.94,True,0.94
cord,receipt_088,receipt,real,subtotal_price,money,"47,000","47,000",0.99,0.99,True,0.99
cord,receipt_088,receipt,real,total_price,money,"47,000","47,000",0.99,0.99,True,0.99
cord,receipt_088,receipt,real,change_price,money,0,0,0.99,0.99,True,0.99
cord,receipt_088,receipt,real,credit_card_price,money,"47,000","47,000",0.99,0.99,True,0.99
cord,receipt_088,receipt,real,line_items[].name,text,STIX ECLAIRS,STIX ECLAIRS,0.99,0.99,True,0.99
cord,receipt_088,receipt,real,line_items[].quantity,number,1,1 x,0.98,0.98,True,0.98
cord,receipt_088,receipt,real,line_items[].unit_price,money,"19,000","19,000",0.99,0.99,True,0.99
cord,receipt_088,receipt,real,line_items[].price,money,"19,000","19,000",0.99,0.99,True,0.99
cord,receipt_088,receipt,real,line_items[].name,text,ALMOND CREAM CHEESE,ALMOND CREAM CHEESE,0.99,0.99,True,0.99
cord,receipt_088,receipt,real,line_items[].quantity,number,1,1 x,0.98,0.98,True,0.98
cord,receipt_088,receipt,real,line_items[].unit_price,money,"28,000","28,000",0.99,0.99,True,0.99
cord,receipt_088,receipt,real,line_items[].price,money,"28,000","28,000",0.99,0.99,True,0.99
cord,receipt_089,receipt,real,subtotal_price,money,,"40,000",0.0,0.6,False,0.0
cord,receipt_089,receipt,real,total_price,money,"40,000","40,000",0.95,0.97,True,0.95
cord,receipt_089,receipt,real,cash_price,money,"50,000","50,000",0.95,0.97,True,0.95
cord,receipt_089,receipt,real,change_price,money,"10,000","10,000",0.95,0.97,True,0.95
cord,receipt_089,receipt,real,line_items[].name,text,XXL Crispy Chicken,XXL Crispy Chicken,0.94,0.95,True,0.94
cord,receipt_089,receipt,real,line_items[].quantity,number,1,1,0.94,0.94,True,0.94
cord,receipt_089,receipt,real,line_items[].price,money,"40,000","40,000",0.95,0.95,True,0.95
cord,receipt_089,receipt,real,line_items[].name,text,- Pedas sedikit,Pedas sedikit,0.9,0.9,False,0.9
cord,receipt_089,receipt,real,line_items[].quantity,number,1,1,0.1,0.1,True,0.1
cord,receipt_089,receipt,real,line_items[].price,money,0,0,0.9,0.92,True,0.9
cord,receipt_090,receipt,real,subtotal_price,money,"26,818","26,818",0.99,0.99,True,0.99
cord,receipt_090,receipt,real,tax_price,money,"2,681","2,681",0.98,0.93,True,0.93
cord,receipt_090,receipt,real,total_price,money,"29,500","29,500",0.99,0.99,True,0.99
cord,receipt_090,receipt,real,cash_price,money,"29,500","29,500",0.99,0.99,True,0.99
cord,receipt_090,receipt,real,line_items[].name,text,CIRENG PANDAWA,CIRENG PANDAWA,0.98,0.99,True,0.98
cord,receipt_090,receipt,real,line_items[].quantity,number,1,1,0.97,0.98,True,0.97
cord,receipt_090,receipt,real,line_items[].price,money,"26,818","26,818",0.99,0.99,True,0.99
cord,receipt_091,receipt,real,total_price,money,"21,000",21.000,0.96,0.96,True,0.96
cord,receipt_091,receipt,real,cash_price,money,"30,000",30.000,0.97,0.97,True,0.97
cord,receipt_091,receipt,real,change_price,money,"9,000",9.000,0.96,0.96,True,0.96
cord,receipt_091,receipt,real,line_items[].name,text,BAKSO BNGKS,BAKSO BNGKS,0.95,0.95,True,0.95
cord,receipt_091,receipt,real,line_items[].quantity,number,1,1,0.95,0.95,True,0.95
cord,receipt_091,receipt,real,line_items[].price,money,"15,000",15.000,0.96,0.96,True,0.96
cord,receipt_091,receipt,real,line_items[].name,text,GORENGAN,GORENGAN,0.95,0.95,True,0.95
cord,receipt_091,receipt,real,line_items[].quantity,number,6,6,0.95,0.95,True,0.95
cord,receipt_091,receipt,real,line_items[].price,money,"6,000",6.000,0.95,0.95,True,0.95
cord,receipt_092,receipt,real,total_price,money,240.000,240.000,0.98,0.98,True,0.98
cord,receipt_092,receipt,real,cash_price,money,250.000,250.000,0.98,0.98,True,0.98
cord,receipt_092,receipt,real,change_price,money,10.000,"10,000",0.98,0.98,True,0.98
cord,receipt_092,receipt,real,line_items[].name,text,901016 -TICKET CP,- TICKET CP,0.96,0.95,False,0.95
cord,receipt_092,receipt,real,line_items[].quantity,number,4,4,0.97,0.97,True,0.97
cord,receipt_092,receipt,real,line_items[].unit_price,money,60.000,60.000,0.98,0.97,True,0.97
cord,receipt_092,receipt,real,line_items[].price,money,240.000,"240,000",0.98,0.98,True,0.98
cord,receipt_093,receipt,real,subtotal_price,money,"16,363","16,363",0.98,0.98,True,0.98
cord,receipt_093,receipt,real,tax_price,money,"1,636","1,636",0.98,0.97,True,0.97
cord,receipt_093,receipt,real,total_price,money,"17,999","17,999",0.98,0.98,True,0.98
cord,receipt_093,receipt,real,line_items[].name,text,THAI ICED TEA (L),THAI ICED TEA (L),0.98,0.98,True,0.98
cord,receipt_093,receipt,real,line_items[].quantity,number,1,1 X,0.97,0.97,True,0.97
cord,receipt_093,receipt,real,line_items[].unit_price,money,"16,363","16,363",0.97,0.96,True,0.96
cord,receipt_093,receipt,real,line_items[].price,money,"16,363","16,363",0.98,0.98,True,0.98
cord,receipt_094,receipt,real,subtotal_price,money,"119,000","119,000",0.99,0.99,True,0.99
cord,receipt_094,receipt,real,tax_price,money,"12,733","12,733",0.99,0.98,True,0.98
cord,receipt_094,receipt,real,service_price,money,"8,330","8,330",0.99,0.99,True,0.99
cord,receipt_094,receipt,real,total_price,money,"140,063","140,063",0.99,0.99,True,0.99
cord,receipt_094,receipt,real,credit_card_price,money,"140,063","140,063",0.98,0.92,True,0.92
cord,receipt_094,receipt,real,line_items[].name,text,TAHU GORENG,TAHU GORENG,0.96,0.96,True,0.96
cord,receipt_094,receipt,real,line_items[].quantity,number,1,1,0.97,0.95,True,0.95
cord,receipt_094,receipt,real,line_items[].price,money,"28,000","28,000",0.98,0.98,True,0.98
cord,receipt_094,receipt,real,line_items[].name,text,CAKWE,CAKWE,0.92,0.92,True,0.92
cord,receipt_094,receipt,real,line_items[].quantity,number,1,1,0.97,0.95,True,0.95
cord,receipt_094,receipt,real,line_items[].price,money,"17,000","17,000",0.98,0.98,True,0.98
cord,receipt_094,receipt,real,line_items[].name,text,PHO TAI CHIN (R),PHO TAI CHIN(R),0.95,0.95,False,0.95
cord,receipt_094,receipt,real,line_items[].quantity,number,1,1,0.97,0.95,True,0.95
cord,receipt_094,receipt,real,line_items[].price,money,"63,000","63,000",0.98,0.98,True,0.98
cord,receipt_094,receipt,real,line_items[].name,text,TEA,TEA,0.98,0.98,True,0.98
cord,receipt_094,receipt,real,line_items[].quantity,number,1,1,0.97,0.95,True,0.95
cord,receipt_094,receipt,real,line_items[].price,money,"11,000","11,000",0.98,0.98,True,0.98
cord,receipt_095,receipt,real,subtotal_price,money,"56,181","56,181",0.96,0.96,True,0.96
cord,receipt_095,receipt,real,tax_price,money,"5,618","5,618",0.95,0.95,True,0.95
cord,receipt_095,receipt,real,total_price,money,"61,799","61,799",0.96,0.95,True,0.95
cord,receipt_095,receipt,real,line_items[].name,text,BASO TAHU,BASO TAHU,0.97,0.97,True,0.97
cord,receipt_095,receipt,real,line_items[].quantity,number,1,1,0.96,0.96,True,0.96
cord,receipt_095,receipt,real,line_items[].unit_price,money,"43,181","43,181",0.97,0.97,True,0.97
cord,receipt_095,receipt,real,line_items[].price,money,"43,181","43,181",0.97,0.97,True,0.97
cord,receipt_095,receipt,real,line_items[].name,text,ES JERUK,ES JERUK,0.97,0.97,True,0.97
cord,receipt_095,receipt,real,line_items[].quantity,number,1,1,0.96,0.96,True,0.96
cord,receipt_095,receipt,real,line_items[].unit_price,money,"13,000","13,000",0.97,0.97,True,0.97
cord,receipt_095,receipt,real,line_items[].price,money,"13,000","13,000",0.97,0.97,True,0.97
cord,receipt_096,receipt,real,subtotal_price,money,,"41,000",0.0,0.0,False,0.0
cord,receipt_096,receipt,real,total_price,money,"41,000","41,000",0.98,0.98,True,0.98
cord,receipt_096,receipt,real,cash_price,money,"50,000","50,000",0.98,0.98,True,0.98
cord,receipt_096,receipt,real,change_price,money,"9,000","9,000",0.98,0.98,True,0.98
cord,receipt_096,receipt,real,line_items[].name,text,BBQ Chicken,BBQ Chicken,0.98,0.98,True,0.98
cord,receipt_096,receipt,real,line_items[].quantity,number,1,1,0.98,0.97,True,0.97
cord,receipt_096,receipt,real,line_items[].price,money,"41,000","41,000",0.98,0.97,True,0.97
cord,receipt_096,receipt,real,line_items[].name,text,- Tidak Pedas,- Tidak Pedas,0.97,0.92,True,0.92
cord,receipt_096,receipt,real,line_items[].quantity,number,1,1,0.55,0.3,True,0.3
cord,receipt_096,receipt,real,line_items[].price,money,0,0,0.96,0.95,True,0.95
cord,receipt_097,receipt,real,total_price,money,55.000,55.000,0.98,0.98,True,0.98
cord,receipt_097,receipt,real,cash_price,money,55.000,55.000,0.98,0.98,True,0.98
cord,receipt_097,receipt,real,line_items[].name,text,BUBUR GO,BUBUR GO,0.97,0.97,True,0.97
cord,receipt_097,receipt,real,line_items[].quantity,number,2,2,0.78,0.74,True,0.74
cord,receipt_097,receipt,real,line_items[].unit_price,money,20.000,20.000,0.8,0.76,True,0.76
cord,receipt_097,receipt,real,line_items[].price,money,40.000,40.000,0.97,0.97,True,0.97
cord,receipt_097,receipt,real,line_items[].name,text,PUYUH GO,PUYUH GO,0.97,0.88,True,0.88
cord,receipt_097,receipt,real,line_items[].price,money,6.000,6.000,0.96,0.62,True,0.62
cord,receipt_097,receipt,real,line_items[].name,text,SATE ATI GO,SATE ATI GO,0.72,0.9,True,0.72
cord,receipt_097,receipt,real,line_items[].quantity,number,3,3,0.78,0.74,True,0.74
cord,receipt_097,receipt,real,line_items[].unit_price,money,3.000,3.000,0.8,0.76,True,0.76
cord,receipt_097,receipt,real,line_items[].price,money,9.000,9.000,0.96,0.97,True,0.96
cord,receipt_098,receipt,real,subtotal_price,money,"215,000","215,000",0.995,0.995,True,0.995
cord,receipt_098,receipt,real,tax_price,money,"22,790","22,790",0.995,0.995,True,0.995
cord,receipt_098,receipt,real,service_price,money,"12,900","12,900",0.995,0.995,True,0.995
cord,receipt_098,receipt,real,total_price,money,"250,690","250,690",0.995,0.995,True,0.995
cord,receipt_098,receipt,real,line_items[].name,text,BLACK PEPPER MEATBALL PAS,BLACK PAPPER MEATBALL PAS,0.97,0.97,False,0.97
cord,receipt_098,receipt,real,line_items[].quantity,number,1,1,0.97,0.97,True,0.97
cord,receipt_098,receipt,real,line_items[].price,money,"79,000","79,000",0.995,0.995,True,0.995
cord,receipt_098,receipt,real,line_items[].name,text,TRUFFLE CREAM,TRUFFLE CREAM,0.995,0.995,True,0.995
cord,receipt_098,receipt,real,line_items[].quantity,number,1,1,0.995,0.995,True,0.995
cord,receipt_098,receipt,real,line_items[].price,money,"77,000","77,000",0.995,0.995,True,0.995
cord,receipt_098,receipt,real,line_items[].name,text,EARL GREY MILK TEA,EARL GREY MILK TEA,0.995,0.995,True,0.995
cord,receipt_098,receipt,real,line_items[].quantity,number,1,1,0.995,0.995,True,0.995
cord,receipt_098,receipt,real,line_items[].price,money,"59,000","59,000",0.995,0.995,True,0.995
cord,receipt_099,receipt,real,subtotal_price,money,"68,180","68,180",0.98,0.98,True,0.98
cord,receipt_099,receipt,real,total_price,money,"75,000","75,000",0.98,0.98,True,0.98
cord,receipt_099,receipt,real,cash_price,money,0,0,0.98,0.98,True,0.98
cord,receipt_099,receipt,real,change_price,money,0,0,0.98,0.98,True,0.98
cord,receipt_099,receipt,real,credit_card_price,money,"75,000","75,000",0.98,0.92,True,0.92
cord,receipt_099,receipt,real,line_items[].name,text,FL-Xmas 30 Off,FL-Xmas 30 Off,0.97,0.97,True,0.97
cord,receipt_099,receipt,real,line_items[].quantity,number,1,1,0.97,0.97,True,0.97
cord,receipt_099,receipt,real,line_items[].price,money,"68,180","68,180",0.98,0.98,True,0.98
cord,receipt_099,receipt,real,line_items[].name,text,PAKET SLICES,PAKET SLICES,0.97,0.88,True,0.88
cord,receipt_099,receipt,real,line_items[].quantity,number,1,1,0.97,0.88,True,0.88
cord,receipt_099,receipt,real,line_items[].price,money,0,0,0.97,0.88,True,0.88
cord,receipt_099,receipt,real,line_items[].name,text,» FL Cake - French Vanilla SLC,FL Cake - French Vanilla SLC,0.94,0.9,False,0.9
cord,receipt_099,receipt,real,line_items[].quantity,number,1,1,0.97,0.88,True,0.88
cord,receipt_099,receipt,real,line_items[].price,money,0,0,0.97,0.88,True,0.88
cord,receipt_099,receipt,real,line_items[].name,text,PAKET SLICES,PAKET SLICES,0.97,0.88,True,0.88
cord,receipt_099,receipt,real,line_items[].quantity,number,1,1,0.97,0.88,True,0.88
cord,receipt_099,receipt,real,line_items[].price,money,0,0,0.97,0.88,True,0.88
cord,receipt_099,receipt,real,line_items[].name,text,» FL Cake - Green Tea SLC,FL Cake - Green Tea SLC,0.94,0.9,False,0.9
cord,receipt_099,receipt,real,line_items[].quantity,number,1,1,0.97,0.88,True,0.88
cord,receipt_099,receipt,real,line_items[].price,money,0,0,0.97,0.88,True,0.88
cord,receipt_099,receipt,real,line_items[].name,text,PAKET SLICES,PAKET SLICES,0.97,0.88,True,0.88
cord,receipt_099,receipt,real,line_items[].quantity,number,1,1,0.97,0.88,True,0.88
cord,receipt_099,receipt,real,line_items[].price,money,0,0,0.97,0.88,True,0.88
cord,receipt_099,receipt,real,line_items[].name,text,FL Cake - Belgium Choco SLC,FL Cake - Belgium Choco SLC,0.92,0.84,True,0.84
cord,receipt_099,receipt,real,line_items[].quantity,number,1,1,0.97,0.88,True,0.88
cord,receipt_099,receipt,real,line_items[].price,money,0,0,0.97,0.88,True,0.88
